isin,gvkey,year,quarter,cc_expo_ew,cc_risk_ew,cc_pos_ew,cc_neg_ew,cc_sent_ew
AEA002401015,338892.0,2012,1,0.002644104,0.0,0.0,-0.000528821,-0.000528821
AEDFXA0M6V00,284856.0,2018,3,0.001156069,0.0,0.0,0.0,0.0
AGP8696W1045,150257.0,2012,3,0.000895255,0.0,0.00179051,-0.000895255,0.000895255
AN8068571086,9465.0,2020,2,0.000843526,0.0,0.0,0.0,0.0
ARP6558L1178,31010.0,2007,1,0.003937008,0.0,0.001968504,0.0,0.001968504
AT0000741053,103133.0,2022,1,0.016413374,0.0,0.004863222,-0.004863222,0.0
AT0000937503,226156.0,2015,1,0.001841621,0.0,0.000368324,-0.001104972,-0.000736648
AT000AGRANA3,200075.0,2024,3,0.00095057,0.0,0.00095057,0.0,0.00095057
AT000KAPSCH9,285181.0,2018,4,0.001358696,0.0,0.000679348,0.0,0.000679348
AU000000ANN9,14242.0,2009,1,0.000296384,0.0,0.0,0.0,0.0
AU000000APA1,242536.0,2016,1,0.005486968,0.000548697,0.001920439,0.0,0.001920439
AU000000CHC0,273131.0,2019,1,0.002745367,0.0,0.0,0.0,0.0
AU000000CSR5,17544.0,2013,4,0.001039501,0.0,0.000693001,0.0,0.000693001
AU000000FDV2,322155.0,2022,1,0.000648298,0.0,0.000324149,0.0,0.000324149
AU000000HT18,210232.0,2016,3,0.000394633,0.0,0.0,0.0,0.0
AU000000IAG3,239116.0,2017,1,0.00079582,0.0,0.001470588,-0.000152812,0.001317776
AU000000IPL1,257860.0,2023,4,0.003354901,0.0,0.002635993,-0.00167745,0.000958543
AU000000MFG4,271324.0,2023,1,0.000651254,0.0,0.000325627,0.0,0.000325627
AU000000ORE0,287496.0,2019,2,0.000947867,0.000473934,0.000473934,-0.000473934,0.0
AU000000PNI7,285042.0,2020,3,0.000951022,0.0,0.000475511,-0.000475511,0.0
AU000000RFF5,317166.0,2024,1,0.005964215,0.002650762,0.0,-0.003313453,-0.003313453
AU000000SGF1,317261.0,2023,3,0.010394265,0.001075269,0.005734767,-0.002867384,0.002867384
AU000000SGM7,208079.0,2009,4,0.000777907,0.0,0.0,-0.000388954,-0.000388954
AU000000SGM7,208079.0,2019,3,0.001945525,0.0,0.00077821,0.0,0.00077821
AU000000SKF3,248831.0,2019,4,0.000538503,0.0,0.0,0.0,0.0
AU000000SSM2,271534.0,2019,3,0.003264925,0.0,0.001865672,-0.000466418,0.001399254
AU000000WOW2,100894.0,2020,1,0.001059135,0.0,0.001059135,-0.000529568,0.000529568
AU000000YAL0,313077.0,2022,3,0.004175365,0.000417537,0.00125261,0.0,0.00125261
AU0000063893,335580.0,2022,1,0.002328289,0.0,0.001164144,0.0,0.001164144
AU0000117343,327215.0,2021,3,0.002565418,0.0,0.000513084,0.0,0.000513084
AU0000117343,327215.0,2022,1,0.002014099,0.0,0.000503525,-0.001007049,-0.000503525
BE0003565737,15703.0,2012,2,0.000314268,0.0,0.0,-0.000314268,-0.000314268
BE0003810273,200384.0,2022,3,0.00037679,0.0,0.00037679,0.0,0.00037679
BE0974264930,16447.0,2022,1,0.002217295,0.0,0.001478197,-0.000369549,0.001108647
BE0974310428,323910.0,2023,1,0.005372733,0.0,0.000671592,-0.003357958,-0.002686367
BMG0129K1045,175110.0,2012,1,0.000319387,0.0,0.0,0.0,0.0
BMG0750C1082,22134.0,2016,2,0.001073826,0.000268456,0.000268456,-0.001073826,-0.000805369
BMG169621056,144435.0,2008,2,0.000345304,0.0,0.0,0.0,0.0
BMG169621056,144435.0,2017,1,0.000927357,0.000309119,0.000309119,-0.000309119,0.0
BMG210821051,31424.0,2018,2,0.01618123,0.000809061,0.003236246,-0.001618123,0.001618123
BMG2519Y1084,61452.0,2005,3,0.001273885,0.0,0.0,-0.000636943,-0.000636943
BMG3198U1027,18745.0,2021,3,0.000500751,0.0,0.000500751,0.0,0.000500751
BMG3223R1088,61388.0,2023,4,0.001246883,0.000311721,0.000623441,0.0,0.000623441
BMG475671050,162906.0,2014,3,0.000328623,0.0,0.000657246,0.0,0.000657246
BMG507361001,100424.0,2014,3,0.000625391,0.000625391,0.0,0.0,0.0
BMG668971101,205221.0,2021,3,0.005804312,0.001658375,0.002487562,0.0,0.002487562
BMG671801022,316233.0,2018,2,0.000750751,0.0,0.000750751,-0.000750751,0.0
BMG671801022,316233.0,2019,3,0.003304693,0.0,0.000660939,0.0,0.000660939
BMG810751062,160621.0,2023,1,0.0010005,0.0,0.0,0.0,0.0
BMG899821133,142391.0,2012,1,0.000478469,0.0,0.0,0.0,0.0
BRBPHAACNOR6,298214.0,2015,3,0.000509684,0.0,0.0,0.0,0.0
BRCMIGACNPR3,222357.0,2005,3,0.004026846,0.0,0.001006711,-0.00033557,0.000671141
BRCSANACNOR6,274536.0,2009,3,0.000772798,0.0,0.000386399,-0.000386399,0.0
BRCSMGACNOR5,166035.0,2014,1,0.003731343,0.0,0.0,0.0,0.0
BRELPLACNOR9,220478.0,2018,2,0.003809524,0.0,0.004761905,-0.002857143,0.001904762
BRGOLLACNPR4,160628.0,2022,3,0.001459321,0.0,0.001824152,0.0,0.001824152
BRMGLUACNOR2,297353.0,2021,3,0.000356379,0.0,0.0,0.0,0.0
BRMRFGACNOR0,285188.0,2018,1,0.000514668,0.0,0.0,-0.001029336,-0.001029336
BRPRIOACNOR1,295682.0,2012,2,0.000673854,0.0,0.0,0.0,0.0
BRRSIDACNOR8,108098.0,2012,4,0.000596659,0.0,0.000596659,0.0,0.000596659
BRUGPAACNOR8,124617.0,2021,4,0.001854599,0.00037092,0.00111276,-0.00074184,0.00037092
BRUSIMACNPA6,212380.0,2006,1,0.00132626,0.0,0.0,-0.000442087,-0.000442087
BRVALEACNOR0,209382.0,2007,2,0.001195219,0.0,0.001195219,0.0,0.001195219
BRVIVTACNPR7,222648.0,2010,1,0.000722282,0.0,0.0,-0.000361141,-0.000361141
BRWIZCACNOR5,319806.0,2022,2,0.000532765,0.000532765,0.0,-0.000532765,-0.000532765
BSP943981071,174121.0,2009,1,0.000416667,0.0,0.0,0.0,0.0
CA0010921058,61955.0,2008,2,0.000327976,0.0,0.0,0.0,0.0
CA00847V1085,105950.0,2012,2,0.001229005,0.0,0.0,0.0,0.0
CA0089161081,28169.0,2009,1,0.000466418,0.0,0.0,-0.001399254,-0.001399254
CA00927V2003,20525.0,2023,1,0.001478561,0.000492854,0.000492854,-0.000492854,0.0
CA0115271086,152848.0,2011,1,0.00174216,0.0,0.0,-0.00174216,-0.00174216
CA0137161059,1243.0,2005,3,0.001257229,0.0,0.000251446,0.0,0.000251446
CA0158571053,115044.0,2018,3,0.016156176,0.000336587,0.007741501,-0.002692696,0.005048805
CA02153D2014,183230.0,2011,3,0.016393443,0.0,0.007127584,-0.001425517,0.005702067
CA04878Q8636,162346.0,2006,2,0.004136505,0.0,0.001551189,0.0,0.001551189
CA04963Y1025,272705.0,2011,3,0.001104362,0.0,0.001104362,0.0,0.001104362
CA09071W1041,184413.0,2014,1,0.008038585,0.0,0.001607717,-0.000803859,0.000803859
CA09950M3003,105632.0,2017,1,0.010928962,0.0,0.004098361,-0.00204918,0.00204918
CA11777Q2099,179060.0,2018,2,0.000672948,0.0,0.0,0.0,0.0
CA13321L1085,24370.0,2016,3,0.002039152,0.00040783,0.0,-0.000815661,-0.000815661
CA13645T1003,2698.0,2013,2,0.000475511,0.0,0.000237756,0.0,0.000237756
CA1366812024,2703.0,2020,3,0.000283607,0.0,0.000283607,0.0,0.000283607
CA1366812024,2703.0,2021,4,0.002613999,0.0,0.000290444,-0.000290444,0.0
CA1367178326,14433.0,2022,4,0.013353116,0.00148368,0.006429278,-0.003461919,0.002967359
CA14069Q1019,160317.0,2010,1,0.007874016,0.0,0.00492126,0.0,0.00492126
CA17178G1046,34887.0,2021,4,0.004321988,0.0,0.002160994,-0.002160994,0.0
CA1724541000,157476.0,2009,3,0.000449438,0.0,0.0,0.0,0.0
CA18912C1023,31124.0,2021,4,0.000327332,0.0,0.000327332,0.0,0.000327332
CA19238T1003,20315.0,2017,3,0.000873362,0.0,0.000873362,0.0,0.000873362
CA1946931070,28485.0,2006,3,0.00040568,0.0,0.0,0.0,0.0
CA22576C1014,145812.0,2013,3,0.001127396,0.0,0.0,-0.000563698,-0.000563698
CA22717L1013,22460.0,2020,1,0.000530504,0.0,0.0,0.0,0.0
CA23290R1010,146543.0,2011,3,0.000482859,0.0,0.0,0.0,0.0
CA31943B1004,22970.0,2008,3,0.000353857,0.0,0.0,0.0,0.0
CA3359341052,106464.0,2013,4,0.000879507,0.0,0.0,0.0,0.0
CA3748252069,187392.0,2022,2,0.008161306,0.0,0.002880461,0.0,0.002880461
CA4039254079,64196.0,2022,2,0.001394311,0.0,0.001115449,0.0,0.001115449
CA44329V1031,127177.0,2010,2,0.000727802,0.0,0.000727802,-0.000727802,0.0
CA4480551031,13994.0,2004,1,0.001411433,0.0,0.0,0.0,0.0
CA4480551031,13994.0,2009,2,0.010416667,0.0,0.00390625,0.0,0.00390625
CA4509131088,62337.0,2015,3,0.00066912,0.00033456,0.0,0.0,0.0
CA48213W1014,143403.0,2018,4,0.001416932,0.0,0.000354233,0.0,0.000354233
CA48213Y1079,35323.0,2023,4,0.000573066,0.0,0.000286533,-0.000286533,0.0
CA48575L1076,186102.0,2023,4,0.001445087,0.0,0.000722543,-0.000722543,0.0
CA4969024047,8644.0,2010,1,0.000155424,0.0,0.000155424,0.0,0.000155424
CA5359194019,28378.0,2012,2,0.000451467,0.000451467,0.0,-0.000451467,-0.000451467
CA5503721063,108297.0,2015,1,0.000420521,0.0,0.0,0.0,0.0
CA5734591046,65441.0,2014,2,0.000234522,0.0,0.000234522,0.0,0.000234522
CA61945Q1028,29407.0,2011,2,0.000378358,0.0,0.0,0.0,0.0
CA63010G1000,32420.0,2024,2,0.009937888,0.0,0.00310559,-0.001863354,0.001242236
CA64045Y1088,26511.0,2010,2,0.005086774,0.0,0.002692998,0.0,0.002692998
CA64046G1063,32799.0,2024,3,0.004426955,0.0,0.001967536,-0.001475652,0.000491884
CA65334H1029,2697.0,2011,1,0.000587199,0.0,0.0002936,0.0,0.0002936
CA6568111067,176103.0,2020,3,0.001187648,0.0,0.0,-0.001187648,-0.001187648
CA6632782083,23994.0,2021,2,0.000312695,0.0,0.0,0.0,0.0
CA67000B1040,61356.0,2006,4,0.000677048,0.0,0.0,0.0,0.0
CA6904811065,64790.0,2008,2,0.000931532,0.0,0.000465766,0.0,0.000465766
CA6979001089,20670.0,2017,2,0.000558971,0.0,0.0,0.0,0.0
CA74164W1068,180475.0,2013,3,0.001665741,0.0,0.0,-0.001110494,-0.001110494
CA74167P1080,20338.0,2023,4,0.001343635,0.0,0.000335909,0.0,0.000335909
CA75622P1045,23635.0,2022,1,0.000463607,0.0,0.0,-0.000927214,-0.000927214
CA7669101031,108071.0,2010,1,0.000288101,0.0,0.0,-0.000288101,-0.000288101
CA7751092007,9215.0,2002,4,0.000212404,0.0,0.000424809,0.0,0.000424809
CA7819036046,4599.0,2006,1,0.002175489,0.0,0.000725163,0.0,0.000725163
CA7847301032,26768.0,2024,1,0.004531722,0.0,0.0,0.0,0.0
CA86084H1001,24200.0,2023,1,0.000602047,0.0,0.000602047,0.0,0.000602047
CA87974D1006,14372.0,2013,2,0.001474926,0.0,0.000491642,-0.000491642,0.0
CA8911021050,15020.0,2021,1,0.000640205,0.0,0.0,0.0,0.0
CA89612W1023,184905.0,2019,2,0.0002886,0.0,0.0002886,0.0,0.0002886
CA91688R1082,165637.0,2008,1,0.00408998,0.0,0.000408998,-0.00204499,-0.001635992
CA92663R1055,32860.0,2023,3,0.000828157,0.0,0.000828157,0.0,0.000828157
CA9279263037,12321.0,2019,1,0.004051864,0.0,0.000810373,0.0,0.000810373
CA9604105044,122017.0,2007,2,0.000769823,0.0,0.000384911,-0.000384911,0.0
CA9609083097,108831.0,2017,4,0.010282776,0.0,0.003598972,-0.000514139,0.003084833
CH0000816824,101853.0,2024,4,0.003524673,0.000503525,0.003524673,-0.001007049,0.002517623
CH0002088976,102493.0,2011,1,0.000413394,0.0,0.0,0.0,0.0
CH0012005267,101310.0,2021,4,0.000202511,0.0,0.000202511,-0.000405022,-0.000202511
CH0012221716,210418.0,2023,1,0.001381215,0.0,0.001381215,0.0,0.001381215
CH0014852781,205699.0,2012,3,0.001083424,0.0,0.0,-0.000216685,-0.000216685
CH0018294154,243535.0,2022,2,0.000909091,0.0,0.0,0.0,0.0
CH0025751329,102696.0,2022,2,0.00152439,0.0,0.000304878,0.0,0.000304878
CH0038863350,16603.0,2014,1,0.000193237,0.0,0.0,0.0,0.0
CH0102659627,15805.0,2018,1,0.000384025,0.0,0.000384025,-0.000768049,-0.000384025
CH0102993182,177267.0,2010,2,0.000948767,0.0,0.0,-0.000632511,-0.000632511
CH0126881561,63546.0,2015,2,0.000164096,0.000164096,0.000164096,-0.000328192,-0.000164096
CH0225173167,316424.0,2023,1,0.001055409,0.0,0.000527704,0.0,0.000527704
CH0386200239,326827.0,2023,3,0.000394477,0.0,0.0,0.0,0.0
CL0000000183,213297.0,2012,1,0.000370096,0.0,0.000370096,0.0,0.000370096
CNE100000171,270420.0,2014,2,0.000484027,0.0,0.000968054,0.0,0.000968054
COT09PA00035,201095.0,2021,1,0.005107252,0.00102145,0.004341164,-0.000510725,0.003830439
CZ0008019106,204719.0,2019,3,0.000550358,0.0,0.001100715,-0.000550358,0.000550358
CZ0009093209,206759.0,2014,4,0.000768935,0.0,0.000384468,0.0,0.000384468
DE0005089031,225236.0,2022,1,0.000449843,0.000449843,0.0,-0.000449843,-0.000449843
DE0005439004,100609.0,2009,1,0.00102494,0.000341647,0.00102494,-0.000341647,0.000683293
DE0005565204,222340.0,2022,2,0.001626545,0.000650618,0.0,-0.000650618,-0.000650618
DE0006070006,100054.0,2017,1,0.000390625,0.0,0.000390625,0.0,0.000390625
DE0006305006,100301.0,2018,3,0.001978892,0.0,0.0,0.0,0.0
DE0006452907,228623.0,2022,1,0.000643087,0.0,0.000643087,0.0,0.000643087
DE0006483001,100037.0,2004,4,0.000981836,0.000490918,0.0,-0.000981836,-0.000981836
DE0007037129,100953.0,2021,2,0.017241379,0.0,0.004310345,-0.004849138,-0.000538793
DE0007100000,17828.0,2018,4,0.004259851,0.000354988,0.000354988,-0.000354988,0.0
DE0007164600,103487.0,2017,3,0.000846262,0.0,0.000282087,0.0,0.000282087
DE0007164634,103487.0,2014,1,0.000721388,0.0,0.000181225,0.0,0.000181225
DE0008019001,213367.0,2019,2,0.000388802,0.0,0.0,0.0,0.0
DE000A0BVU93,271499.0,2010,2,0.003447087,0.000344709,0.000689417,-0.001034126,-0.000344709
DE000A0D9PT0,273099.0,2020,4,0.001285347,0.0,0.0,0.0,0.0
DE000A0LR9G9,338504.0,2022,1,0.001319261,0.0,0.002308707,-0.000659631,0.001649077
DE000A12DM80,317079.0,2022,4,0.000662252,0.0,0.0,-0.000331126,-0.000331126
DE000A1X3XX4,278556.0,2022,4,0.000550055,0.0,0.0,0.0,0.0
DE000A2NB601,218000.0,2018,4,0.001366587,0.0,0.001366587,-0.001366587,0.0
DE000KD88880,104357.0,2011,4,0.00024325,0.0,0.0,0.0,0.0
DE000LEG1110,314874.0,2015,1,0.000791413,0.0,0.001071055,0.0,0.001071055
DE000PSM7770,205865.0,2018,2,0.001068947,0.0,0.000267237,-0.00080171,-0.000534474
DE000SHA0159,320124.0,2016,3,0.001231527,0.0,0.000615764,0.0,0.000615764
DE000SHL1006,326765.0,2019,3,0.000954198,0.0,0.000954198,-0.000636132,0.000318066
DE000TLX1005,269809.0,2021,1,0.002656546,0.0,0.00113852,0.0,0.00113852
DE000WAF3001,319865.0,2022,1,0.005835765,0.000833681,0.002501042,-0.001250521,0.001250521
DK0010181759,101130.0,2011,1,0.00054615,0.0,0.000273075,-0.000273075,0.0
DK0010272202,245207.0,2020,4,0.000659196,0.0,0.0,0.0,0.0
DK0060083210,244857.0,2019,3,0.002035278,0.0,0.000678426,-0.001356852,-0.000678426
DK0060448595,101538.0,2014,4,0.000962001,0.0,0.0,0.0,0.0
ES0115056139,278356.0,2010,1,0.000640615,0.0,0.0,-0.000320307,-0.000320307
ES0115056139,278356.0,2019,4,0.000410678,0.0,0.0,-0.000410678,-0.000410678
ES0130670112,15321.0,2017,1,0.012987013,0.0,0.004201681,-0.005347594,-0.001145913
FI0009003727,101557.0,2010,2,0.002039984,0.0,0.0,0.0,0.0
FI0009006886,242362.0,2014,4,0.000535619,0.0,0.000535619,0.0,0.000535619
FI0009007660,205012.0,2024,2,0.000977517,0.0,0.000977517,0.0,0.000977517
FI0009008072,211426.0,2024,4,0.00273224,0.0,0.00273224,0.0,0.00273224
FI0009014351,278136.0,2024,2,0.000903342,0.0,0.000903342,-0.000903342,0.0
FI0009800643,217500.0,2022,3,0.002185792,0.0,0.001092896,0.0,0.001092896
FI4000062781,315527.0,2021,4,0.004727273,0.0,0.003272727,0.0,0.003272727
FI4000306873,326865.0,2022,3,0.000926355,0.0,0.0,0.0,0.0
FI4000391487,334204.0,2022,4,0.001392758,0.0,0.0,0.0,0.0
FR0000053225,204796.0,2017,1,0.000438982,0.0,0.0,0.0,0.0
FR0000053225,204796.0,2019,1,0.000429553,0.0,0.000429553,0.0,0.000429553
FR0000120271,24625.0,2013,1,0.001774848,0.0,0.001014199,-0.000507099,0.000507099
FR0000120560,228624.0,2014,1,0.002823264,0.0,0.0,0.0,0.0
FR0000120578,101204.0,2003,2,0.000419563,0.000147232,0.0,-0.000147232,-0.000147232
FR0000121485,222379.0,2007,1,0.000276855,0.0,0.0,0.0,0.0
FR0000124570,103264.0,2017,3,0.009016745,0.0,0.000858738,0.0,0.000858738
FR0000127771,101264.0,2023,1,0.000410678,0.0,0.0,0.0,0.0
FR0000131708,30923.0,2016,4,0.000339328,0.0,0.0,0.0,0.0
FR0010241638,274262.0,2019,3,0.000824742,0.0,0.000412371,0.0,0.000412371
FR0010451203,103260.0,2008,2,0.001658375,0.0,0.001658375,-0.001658375,0.0
FR0010613471,289259.0,2011,3,0.004994125,0.0,0.001762632,-0.001175088,0.000587544
GB0002162385,15545.0,2019,3,0.000514801,0.0,0.000514801,0.0,0.000514801
GB0002418548,100240.0,2021,1,0.003354579,0.0,0.00167729,0.0,0.00167729
GB0003753778,210614.0,2009,3,0.003286771,0.0,0.000547795,0.0,0.000547795
GB0004300496,237983.0,2021,3,0.006099886,0.0,0.001143729,-0.001143729,0.0
GB0006449366,200186.0,2022,3,0.003649635,0.0,0.001042753,-0.001042753,0.0
GB0006731235,17404.0,2009,2,0.000329164,0.0,0.0,0.0,0.0
GB0006731235,17404.0,2020,2,0.0001998,0.0,0.0,0.0,0.0
GB0006825383,101232.0,2007,3,0.001889169,0.0,0.004722922,0.0,0.004722922
GB0008085614,222281.0,2019,3,0.00044603,0.0,0.0,0.0,0.0
GB0009252882,5180.0,2010,4,0.000311915,0.0,0.00062383,0.0,0.00062383
GB0009292243,212128.0,2022,2,0.003828275,0.0,0.002734482,0.0,0.002734482
GB0022569080,111880.0,2019,1,0.000304785,0.0,0.000304785,0.0,0.000304785
GB0030913577,2411.0,2002,3,0.000186846,0.0,0.0,0.0,0.0
GB0033986497,102260.0,2019,3,0.000565451,0.0,0.0,0.0,0.0
GB00B01TND91,270622.0,2017,2,0.002685079,0.0,0.001917913,0.0,0.001917913
GB00B0744359,273092.0,2024,1,0.001100917,0.0,0.001834862,0.0,0.001834862
GB00B082RF11,100091.0,2024,4,0.000767958,0.0,0.0,-0.000211327,-0.000211327
GB00B0SWJX34,246706.0,2021,3,0.001811125,0.0,0.000776197,0.0,0.000776197
GB00B0ZSH635,18766.0,2009,3,0.00063012,0.0,0.0,0.0,0.0
GB00B3Y5L754,104904.0,2007,1,0.000670691,0.0,0.0,0.0,0.0
GB00B5BT0K07,3221.0,2008,1,0.000371103,0.000123701,0.000742207,-0.000371103,0.000371103
GB00B5BT0K07,3221.0,2024,3,0.001851362,0.0,0.0,0.0,0.0
GB00B82YXW83,100280.0,2018,1,0.000412712,0.0,0.0,0.0,0.0
GB00BDCPN049,12756.0,2001,2,0.000462107,0.0,0.000462107,0.0,0.000462107
GB00BH4HKS39,14894.0,2022,2,0.00128621,0.0,0.000213402,-0.000219202,-5.8e-06
GB00BHJYC057,20067.0,2008,1,0.000130344,0.0,0.000260688,0.0,0.000260688
GB00BLWDVR75,317920.0,2022,3,0.001300954,0.0,0.000433651,-0.000433651,0.0
GB00BVFNZH21,101241.0,2020,3,0.003041054,0.0,0.001520527,-0.000253421,0.001267106
GB00BVG7F061,245918.0,2018,4,0.000419463,0.0,0.0,-0.000838926,-0.000838926
GB00BYMT0J19,27810.0,2016,2,0.000417014,0.0,0.000417014,0.0,0.000417014
GRS074083007,336884.0,2020,2,0.002265519,0.0,0.002265519,-0.000453104,0.001812415
GRS298343005,112296.0,2008,3,0.003101462,0.0,0.00443066,-0.000443066,0.003987594
HK0000063609,311391.0,2014,3,0.000927214,0.0,0.0,0.0,0.0
HK0000218211,318493.0,2021,1,0.000940291,0.0,0.0,0.0,0.0
HK0014000126,15749.0,2018,1,0.000553403,0.0,0.0,0.0,0.0
HK0992009065,107225.0,2024,1,0.001645413,0.0,0.00370218,-0.000411353,0.003290827
HK2388011192,31648.0,2021,3,0.004089219,0.000371747,0.003345725,-0.001858736,0.001486989
ID1000097405,30821.0,2006,4,0.000315856,0.0,0.000315856,0.0,0.000315856
ID1000102502,269922.0,2013,1,0.000391389,0.0,0.0,0.0,0.0
ID1000113301,203628.0,2017,2,0.000516262,0.0,0.001032525,0.0,0.001032525
IE00BLS09M33,8463.0,2016,1,0.002939015,0.0,0.0,-0.002204262,-0.002204262
IL0010823388,8169.0,2010,4,0.003528582,0.0,0.001411433,0.0,0.001411433
IL0010826506,12522.0,2020,2,0.00085034,0.0,0.0,0.0,0.0
IL0010829658,120860.0,2021,2,0.00100452,0.0,0.00050226,0.0,0.00050226
IL0011050551,286396.0,2022,2,0.000786782,0.0,0.0,0.0,0.0
IL0011794802,39550.0,2024,3,0.000628141,0.0,0.0,-0.00031407,-0.00031407
INE002A01018,207074.0,2021,4,0.001348436,0.0,0.000539374,-0.000269687,0.000269687
INE009A01021,211009.0,2012,2,0.000464037,0.0,0.0,0.0,0.0
INE015C01016,311785.0,2024,3,0.001646542,0.0,0.0,0.0,0.0
INE036D01028,270173.0,2021,4,0.000257732,0.0,0.0,0.0,0.0
INE038A01020,203072.0,2021,3,0.006628003,0.0,0.002209334,0.0,0.002209334
INE038A01020,203072.0,2023,3,0.003286231,0.0,0.001314492,-0.000657246,0.000657246
INE074A01025,271759.0,2022,2,0.010098743,0.000224417,0.003366248,-0.001122083,0.002244165
INE093I01010,295635.0,2015,3,0.000790202,0.0,0.0,0.0,0.0
INE111Q01021,318557.0,2023,3,0.000690131,0.0,0.002070393,0.0,0.002070393
INE114A01011,206015.0,2023,1,0.002023268,0.0,0.000505817,-0.000505817,0.0
INE119A01028,211034.0,2024,3,0.003075031,0.0,0.003075031,-0.000615006,0.002460025
INE169A01031,222349.0,2022,1,0.00096494,0.0,0.00096494,-0.000321647,0.000643294
INE172A01027,201060.0,2023,4,0.012478729,0.00226886,0.014180374,-0.002836075,0.011344299
INE189I01024,285447.0,2024,2,0.003202847,0.0,0.0,0.0,0.0
INE211R01019,320288.0,2023,2,0.000841043,0.0,0.000420521,0.0,0.000420521
INE219X23014,324676.0,2023,3,0.004941322,0.0,0.00123533,0.0,0.00123533
INE220B01022,274655.0,2024,1,0.000361011,0.0,0.000361011,0.0,0.000361011
INE457F01013,293713.0,2023,1,0.003250711,0.000406339,0.001219017,-0.000406339,0.000812678
INE475E01026,297554.0,2024,4,0.000349528,0.0,0.0,0.0,0.0
INE576I01022,288226.0,2024,1,0.000849618,0.0,0.000424809,0.0,0.000424809
INE634I01029,288466.0,2024,2,0.000886918,0.0,0.0,-0.000443459,-0.000443459
INE679A01013,336430.0,2023,1,0.00029163,0.0,0.0,-0.00029163,-0.00029163
INE686F01025,273468.0,2021,4,0.000970403,0.0,0.000485201,0.0,0.000485201
INE692A01016,257156.0,2019,1,0.000528541,0.0,0.0,0.0,0.0
INE712K01011,320339.0,2024,1,0.005217391,0.0,0.003478261,-0.00173913,0.00173913
INE726V01018,323044.0,2024,3,0.001962067,0.0,0.0,0.0,0.0
INE731H01025,279205.0,2021,3,0.000761615,0.0,0.000761615,0.0,0.000761615
INE736A01011,324870.0,2020,3,0.000381534,0.0,0.0,0.0,0.0
INE795G01014,325925.0,2023,3,0.0002531,0.0,0.0,0.0,0.0
INE913H01037,322687.0,2021,2,0.0056164,0.0,0.00224656,0.0,0.00224656
IT0000062957,15593.0,2022,4,0.000776398,0.000776398,0.0,-0.000776398,-0.000776398
IT0001137345,201535.0,2013,1,0.00109529,0.0,0.0,0.0,0.0
IT0001233417,222601.0,2010,2,0.003558719,0.0,0.001016777,0.0,0.001016777
IT0003128367,201794.0,2007,4,0.007132132,0.001126126,0.001876877,-0.000750751,0.001126126
IT0003497168,19151.0,2003,4,0.000261134,0.0,0.000135062,0.0,0.000135062
IT0003865570,102267.0,2022,1,0.00446628,0.0,0.000893256,-0.000446628,0.000446628
IT0005239360,15549.0,2004,3,0.000877272,0.000132873,0.000478654,-0.000305763,0.000172891
IT0005252140,101083.0,2019,2,0.000357398,0.0,0.000357398,0.0,0.000357398
JE00B783TY65,118122.0,2013,4,0.0008,0.0,0.0,0.0,0.0
JE00BJJN4441,35211.0,2022,1,0.00101626,0.0,0.00050813,0.0,0.00050813
JP3223800008,101042.0,2020,3,0.007142857,0.000549451,0.003846154,-0.002197802,0.001648352
JP3502200003,15483.0,2019,4,0.001751313,0.0,0.001751313,0.0,0.001751313
JP3663900003,255820.0,2024,4,0.001013171,0.0,0.0,0.0,0.0
JP3830800003,100369.0,2018,2,0.002309469,0.0,0.0,-0.003464203,-0.003464203
JP3830800003,100369.0,2020,3,0.002813299,0.0,0.000511509,-0.000255754,0.000255754
JP3877600001,100545.0,2011,2,0.000841397,0.000210349,0.000420698,0.0,0.000420698
JP3893600001,7471.0,2012,1,0.00097704,0.0,0.00048852,-0.00048852,0.0
JP3942800008,100667.0,2018,4,0.001745201,0.0,0.0,0.0,0.0
KR7005930003,104604.0,2020,4,0.001386642,0.0,0.000693321,-0.000924428,-0.000231107
KR7010950004,223142.0,2015,1,0.000610128,0.0,0.000610128,-0.000610128,0.0
KR7032640005,243241.0,2015,1,0.000475964,0.0,0.000475964,0.0,0.000475964
KR7035720002,137802.0,2013,4,0.000598444,0.0,0.000598444,-0.001196888,-0.000598444
KR7055550008,25714.0,2010,1,0.000467946,0.0,0.000467946,0.0,0.000467946
KYG062071157,186230.0,2016,3,0.000967118,0.0,0.0,0.0,0.0
KYG1144A1058,32878.0,2024,2,0.002314815,0.0,0.000462963,0.0,0.000462963
KYG236271055,327266.0,2023,1,0.001009082,0.0,0.000504541,0.0,0.000504541
KYG237731073,62618.0,2014,2,0.005354752,0.000669344,0.001338688,-0.000669344,0.000669344
KYG4412G1010,14269.0,2014,3,0.000267308,0.0,0.0,-0.000267308,-0.000267308
KYG875721634,270615.0,2021,2,0.000936549,0.0,0.000468274,0.0,0.000468274
LU0122624777,249138.0,2009,3,0.000794281,0.0,0.0,0.0,0.0
MA0000011488,271425.0,2014,1,0.000515198,0.0,0.000515198,0.0,0.000515198
MHY2066G1044,163060.0,2021,2,0.000791766,0.0,0.000395883,-0.000395883,0.0
MHY2685T1313,163930.0,2017,3,0.000429369,0.0,0.000429369,0.0,0.000429369
MHY271836006,174700.0,2018,4,0.001614205,0.0,0.000403551,0.0,0.000403551
MHY6476W1049,111839.0,2005,4,0.001170503,0.000390168,0.0,-0.000780336,-0.000780336
MHY8565J1010,176259.0,2013,3,0.000608273,0.0,0.0,0.0,0.0
MX01AC100006,250684.0,2007,1,0.000575705,0.0,0.0,0.0,0.0
MX01GC2M0006,31207.0,2024,3,0.003575077,0.0,0.002553626,0.0,0.002553626
MX01GI000030,202569.0,2024,2,0.009809933,0.0,0.003678725,0.0,0.003678725
MX01KO000002,28844.0,2018,4,0.000678196,0.0,0.0,0.0,0.0
MX01LA010006,289110.0,2019,2,0.000848896,0.0,0.0,0.0,0.0
MXCFTE0B0005,315140.0,2022,4,0.000733676,0.0,0.0,0.0,0.0
MXP200821413,201300.0,2012,1,0.003351955,0.0,0.003351955,0.0,0.003351955
NGSEPLAT0008,317429.0,2023,3,0.002446184,0.0,0.003424658,-0.000489237,0.002935421
NL0000009082,61440.0,2017,1,0.000329056,0.0,0.000329056,0.0,0.000329056
NL0000303709,15598.0,2004,2,0.00036914,0.0,0.0,0.0,0.0
NL0000360618,100778.0,2017,3,0.00059453,0.0,0.0,0.0,0.0
NL0000687663,176092.0,2012,3,0.00142315,0.000474383,0.000474383,-0.000474383,0.0
NL0009347863,211594.0,2005,3,0.000404858,0.0,0.0,0.0,0.0
NL0009434992,294524.0,2021,4,0.005828221,0.000613497,0.000920245,-0.001840491,-0.000920245
NL0009739416,112116.0,2012,3,0.000313775,0.0,0.0,0.0,0.0
NL0009739416,112116.0,2016,3,0.000337041,0.0,0.0,0.0,0.0
NL0010395208,205868.0,2008,1,0.002164502,0.0,0.0004329,-0.00021645,0.00021645
NL0010773842,260840.0,2022,3,0.002241315,0.000373552,0.000373552,0.0,0.000373552
NL0011794037,23667.0,2022,2,0.000634719,0.00031736,0.0,-0.00031736,-0.00031736
NL0011821202,15617.0,2019,4,0.000904364,0.0,0.000113045,0.0,0.000113045
NL0011872643,15512.0,2021,3,0.000319898,0.000319898,0.0,0.0,0.0
NL0013267909,15334.0,2023,1,0.00187567,0.0,0.001339764,-0.000267953,0.001071811
NL0013332471,273052.0,2020,4,0.007407407,0.0,0.001975309,-0.001975309,0.0
NO0003028904,208224.0,2015,2,0.000530786,0.0,0.0,0.0,0.0
NO0003733800,100913.0,2006,2,0.005141388,0.0,0.0,0.0,0.0
NO0004822503,205120.0,2018,3,0.00177305,0.0,0.0,0.0,0.0
NO0010063308,221612.0,2013,2,0.000784006,0.0,0.000784006,0.0,0.000784006
NO0010096985,220546.0,2011,4,0.000778513,0.0,0.000778513,0.0,0.000778513
NO0010208051,264351.0,2020,4,0.004574042,0.0,0.002287021,-0.001143511,0.001143511
NO0010582521,296091.0,2012,3,0.000532481,0.0,0.000532481,0.0,0.000532481
NO0010663669,317929.0,2021,3,0.00286533,0.0,0.00095511,0.0,0.00095511
NO0010715394,318203.0,2019,3,0.00416941,0.0,0.001316656,-0.000658328,0.000658328
NO0010809783,330058.0,2023,1,0.002475248,0.0,0.0,0.0,0.0
NO0010815673,326864.0,2023,4,0.003496503,0.0,0.001165501,0.0,0.001165501
NZAIRE0001S2,102234.0,2020,3,0.000300571,0.0,0.0,0.0,0.0
NZAPTE0001S3,226676.0,2020,3,0.000746826,0.0,0.0,0.0,0.0
NZXROE0001S2,284844.0,2014,4,0.000532198,0.0,0.0,-0.000532198,-0.000532198
PA1436583006,13498.0,2017,1,0.000651678,0.0,0.000325839,0.0,0.000325839
PAP310761054,165678.0,2013,1,0.000914077,0.0,0.000914077,0.0,0.000914077
PG0008579883,205355.0,2017,3,0.002668802,0.001334401,0.00053376,-0.001334401,-0.000800641
PLBPH0000019,206518.0,2011,4,0.000400641,0.0,0.000400641,0.0,0.000400641
PLCFRPT00013,288766.0,2023,1,0.01910828,0.001061571,0.010261854,-0.001769285,0.008492569
PLPEKAO00016,220161.0,2012,4,0.000608273,0.0,0.0,0.0,0.0
PLPKN0000018,232743.0,2020,4,0.005441633,0.0,0.000172652,-0.001233403,-0.001060751
PTEDP0AM0009,64910.0,2012,2,0.010818438,0.001411101,0.001411101,-0.004703669,-0.003292568
QA0007227737,135709.0,2015,4,0.000496278,0.0,0.000496278,-0.000496278,0.0
RU0005344356,147202.0,2008,2,0.001083424,0.0,0.0,0.0,0.0
RU0009084396,206619.0,2020,4,0.004593176,0.0,0.00328084,-0.001968504,0.001312336
RU000A0JSQ90,323578.0,2020,4,0.000466418,0.0,0.000466418,0.0,0.000466418
SE0000108656,4439.0,2008,1,0.000475727,0.0,0.0,0.0,0.0
SE0000667891,19591.0,2014,1,0.00106383,0.00035461,0.0,0.0,0.0
SE0000695876,251921.0,2016,4,0.000289101,0.0,0.0,-0.000289101,-0.000289101
SE0001664707,276647.0,2022,2,0.002610966,0.0,0.001305483,0.0,0.001305483
SE0006509949,319197.0,2021,2,0.001568627,0.0,0.000784314,-0.000784314,0.0
SE0007100581,223492.0,2015,4,0.00076599,0.0,0.00076599,0.0,0.00076599
SE0007100599,15654.0,2015,1,0.000492126,0.0,0.000492126,0.0,0.000492126
SE0007100599,15654.0,2020,2,0.000412031,0.0,0.0,0.0,0.0
SE0009663826,323843.0,2023,2,0.001313485,0.0,0.0,0.0,0.0
SE0011090018,100744.0,2004,1,0.00100452,0.0,0.0,0.0,0.0
SG1J26887955,241904.0,2014,4,0.000943396,0.0,0.000943396,0.0,0.000943396
SG1M77906915,256078.0,2022,1,0.004103967,0.0,0.001367989,0.0,0.001367989
SG1V61937297,100713.0,2022,2,0.001953761,0.0,0.0,0.0,0.0
SGXE65760014,272365.0,2022,3,0.000174338,0.0,0.0,-0.000523013,-0.000523013
TH0450010Y08,204815.0,2024,2,0.000645995,0.0,0.0,0.0,0.0
TH0554010Z06,212386.0,2014,4,0.000184502,0.0,0.0,-0.000184502,-0.000184502
TRETTLK00013,288862.0,2024,2,0.002205118,0.0,0.001471622,0.0,0.001471622
TW0002412004,241159.0,2012,1,0.000368053,0.0,0.000368053,0.0,0.000368053
TW0002412004,241159.0,2024,4,0.002294894,0.0,0.000573723,0.0,0.000573723
TW0003529004,288382.0,2024,4,0.001939864,0.0,0.000969932,-0.000969932,0.0
TW0006488000,318603.0,2022,3,0.00367242,0.0,0.000734484,-0.001468968,-0.000734484
US00138L1089,38929.0,2021,3,0.001471309,0.0,0.0,0.0,0.0
US00206R1023,9899.0,2024,1,0.000292997,0.0,0.000292997,0.0,0.000292997
US0042251084,141846.0,2007,4,0.00043535,0.0,0.00043535,0.0,0.00043535
US0042251084,141846.0,2012,3,0.002504472,0.0,0.001788909,-0.001073345,0.000715564
US0048481073,24912.0,2020,1,0.000791766,0.0,0.000791766,0.0,0.000791766
US0050941071,122536.0,2011,1,0.0004995,0.0,0.0004995,0.0,0.0004995
US00738A1060,30576.0,2010,2,0.00033456,0.0,0.0,0.0,0.0
US00754E1073,23616.0,2008,2,0.000702741,0.0,0.0,0.0,0.0
US00760J1088,65286.0,2009,1,0.000909091,0.0,0.0,0.0,0.0
US00770F1049,5978.0,2018,1,0.000863309,0.00028777,0.000863309,-0.00028777,0.00057554
US00784D1037,35161.0,2016,3,0.000856531,0.0,0.0,0.0,0.0
US0080731088,176362.0,2017,2,0.002820874,0.000282087,0.003385049,-0.001692525,0.001692525
US0116591092,1230.0,2016,2,0.000308642,0.0,0.000617284,0.0,0.000617284
US01167P1012,126555.0,2002,2,0.000419287,0.0,0.0,0.0,0.0
US0138721065,27638.0,2020,2,0.000682905,0.0,0.00045527,-0.00045527,0.0
US01675A1097,39546.0,2023,2,0.001102536,0.0,0.0,-0.000367512,-0.000367512
US0185811082,143974.0,2024,3,0.000304044,0.0,0.000304044,0.0,0.000304044
US01881G1067,14592.0,2021,2,0.000744325,0.0,0.0,0.0,0.0
US01903Q1085,116004.0,2003,3,0.000382117,0.0,0.0,0.0,0.0
US0193301092,5520.0,2022,4,0.001207001,0.0,0.0006035,-0.0006035,0.0
US02318Y1082,19989.0,2018,4,0.00232423,0.0,0.001743173,0.0,0.001743173
US0234361089,30612.0,2009,4,0.000288351,0.0,0.000576701,-0.000576701,0.0
US0236081024,10860.0,2016,3,0.011647825,0.0,0.007536828,-0.001712915,0.005823912
US02361E1082,185128.0,2020,2,0.004805382,0.0,0.002883229,0.0,0.002883229
US0287401089,1533.0,2010,3,0.00149925,0.0,0.0,0.0,0.0
US02874P1030,115757.0,2020,1,0.000385505,0.0,0.000385505,0.0,0.000385505
US0292271055,26126.0,2018,1,0.000404367,0.0,0.0,0.0,0.0
US0293261055,60983.0,2019,3,0.000729927,0.0,0.0,0.0,0.0
US0301112076,24795.0,2015,2,0.016354208,0.000398883,0.003589948,-0.002792182,0.000797766
US0326541051,1632.0,2012,4,0.001503307,0.0,0.002405292,-0.001202646,0.001202646
US0346631049,1655.0,2008,2,0.001953125,0.000976563,0.000488281,-0.001464844,-0.000976563
US03475V1017,264387.0,2022,3,0.000328299,0.0,0.000328299,0.0,0.000328299
US0376123065,184254.0,2012,4,0.00071736,0.00035868,0.0,-0.00035868,-0.00035868
US03815U2015,106126.0,2020,4,0.000699545,0.0,0.000699545,-0.000349773,0.000349773
US0381692070,146738.0,2024,3,0.002388915,0.0,0.000477783,0.0,0.000477783
US03957W1062,65009.0,2013,3,0.00134499,0.0,0.000672495,0.0,0.000672495
US0396531008,328795.0,2024,4,0.003660322,0.0,0.002196193,0.0,0.002196193
US03965L1008,28192.0,2005,2,0.001903553,0.0,0.000317259,-0.000634518,-0.000317259
US03990B1017,20412.0,2023,2,0.000258665,0.0,0.0,0.0,0.0
US0434361046,144640.0,2020,4,0.00281558,0.000938527,0.000938527,-0.000938527,0.0
US0436355079,166460.0,2011,3,0.006354708,0.0,0.005199307,0.0,0.005199307
US04518A1043,132518.0,2011,4,0.000389257,0.0,0.0,0.0,0.0
US04621X1081,157057.0,2018,4,0.001414927,0.0,0.001768659,-0.000707464,0.001061196
US0495601058,4383.0,2012,1,0.001461276,0.0,0.000487092,-0.000487092,0.0
US05278C1071,19295.0,2021,4,0.00255102,0.0,0.001020408,-0.000510204,0.000510204
US05329W1027,9063.0,2003,2,0.000865426,0.0,0.000432713,-0.000865426,-0.000432713
US05335B1008,119173.0,2009,4,0.000434405,0.0,0.0,0.0,0.0
US05367P1003,27925.0,2019,2,0.000891001,0.0,0.000297,0.0,0.000297
US0537741052,3278.0,2007,2,0.000555093,0.0,0.000832639,0.0,0.000832639
US05379B1070,11304.0,2004,1,0.005718954,0.0,0.002042484,-0.000816993,0.00122549
US05379B1070,11304.0,2010,2,0.004307251,0.0,0.002153625,0.0,0.002153625
US0545402085,137602.0,2007,2,0.001399907,0.0,0.000933271,0.0,0.000933271
US05465P1012,34342.0,2021,3,0.001101726,0.0,0.0,0.0,0.0
US05544A1097,20044.0,2018,3,0.000648929,0.0,0.0,-0.000648929,-0.000648929
US05550J1016,33718.0,2020,2,0.000280112,0.0,0.000280112,0.0,0.000280112
US0565251081,1968.0,2012,3,0.001854427,0.0,0.000463607,0.0,0.000463607
US0567521085,164532.0,2012,3,0.000673174,0.0,0.000336587,0.0,0.000336587
US06652V2088,61487.0,2024,2,0.000409668,0.0,0.000409668,-0.000409668,0.0
US0736851090,160598.0,2021,4,0.000300481,0.0,0.0,0.0,0.0
US0846801076,137351.0,2014,2,0.001042209,0.0,0.001563314,0.0,0.001563314
US08579W1036,180483.0,2022,4,0.001537279,0.0,0.00076864,0.0,0.00076864
US08579X1019,13431.0,2024,4,0.006378455,0.0,0.004252303,0.0,0.004252303
US08653C1062,29378.0,2019,3,0.000549753,0.0,0.001099505,0.0,0.001099505
US0893021032,12123.0,2009,3,0.000604047,0.0,0.000906071,0.0,0.000906071
US0903194019,264510.0,2008,2,0.001689189,0.0,0.0,0.0,0.0
US09058V1035,29837.0,2021,1,0.000481696,0.0,0.0,0.0,0.0
US0906721065,179441.0,2015,2,0.001307759,0.0,0.00087184,0.0,0.00087184
US0995021062,185881.0,2022,4,0.001340483,0.000670241,0.000670241,-0.001005362,-0.000335121
US1014051080,164408.0,2011,2,0.000542005,0.0,0.000271003,0.0,0.000271003
US11120U1051,18383.0,2021,3,0.000331565,0.0,0.0,0.0,0.0
US11133T1034,176928.0,2024,3,0.000638366,0.0,0.0,0.0,0.0
US11161T2078,179249.0,2011,4,0.009667025,0.001074114,0.004296455,-0.001611171,0.002685285
US1116213067,120774.0,2015,1,0.000301205,0.0,0.0,0.0,0.0
US1156372096,2435.0,2013,1,0.000270563,0.0,0.000270563,0.0,0.000270563
US1170431092,2444.0,2016,4,0.000302939,0.0,0.000302939,0.0,0.000302939
US12514G1085,28320.0,2018,2,0.000276091,0.0,0.0,0.0,0.0
US12514V2043,282553.0,2012,2,0.008072175,0.0,0.003323837,-0.003323837,0.0
US1255231003,2547.0,2012,1,0.00020024,0.0,0.0,0.0,0.0
US12601V1098,29900.0,2004,1,0.000442087,0.0,0.0,0.0,0.0
US12618T1051,109919.0,2013,4,0.000754717,0.0,0.0,0.0,0.0
US12618T1051,109919.0,2021,2,0.001299827,0.0,0.001733102,0.0,0.001733102
US1266331065,186139.0,2018,1,0.001712329,0.0,0.0,-0.001712329,-0.001712329
US1266331065,186139.0,2023,2,0.003249391,0.0,0.0,0.0,0.0
US1266381052,39127.0,2023,1,0.000911993,0.0,0.000455996,-0.000455996,0.0
US1273871087,13421.0,2023,3,0.000271223,0.0,0.0,0.0,0.0
US12738T1007,175483.0,2012,2,0.001198083,0.000399361,0.001996805,-0.001996805,0.0
US13054D1090,138321.0,2002,3,0.000483793,0.0,0.0,0.0,0.0
US13123E5006,156613.0,2014,2,0.001388889,0.0,0.001041667,0.0,0.001041667
US13803R3003,37576.0,2024,4,0.005273566,0.0,0.0,-0.001318392,-0.001318392
US14149Y1082,2751.0,2021,4,0.001447178,0.0,0.0,0.0,0.0
US1474481041,65702.0,2017,2,0.001861504,0.000744602,0.002233805,0.0,0.002233805
US1475281036,2807.0,2020,4,0.000283849,0.0,0.0,0.0,0.0
US14964U1088,177225.0,2009,4,0.000802783,0.0,0.000535189,0.0,0.000535189
US1508701034,162254.0,2014,3,0.000456413,0.0,0.0,0.0,0.0
US1510201049,13599.0,2012,1,0.000220946,0.0,0.0,0.0,0.0
US1510201049,13599.0,2015,2,0.00023015,0.0,0.0,-0.000460299,-0.000460299
US15643U1043,112759.0,2006,2,0.007305936,0.0,0.001826484,-0.001826484,0.0
US1591791009,17811.0,2021,4,0.000410172,0.000410172,0.0,0.0,0.0
US1597651066,65850.0,2007,4,0.000448833,0.0,0.000448833,0.0,0.000448833
US1630751048,20128.0,2015,2,0.001002004,0.0,0.0,0.0,0.0
US16359R1032,2960.0,2015,2,0.001837391,0.0,0.0,-0.000918695,-0.000918695
US1638511089,22741.0,2020,2,0.000335345,0.0,0.0,0.0,0.0
US1686151028,27981.0,2012,4,0.000321337,0.0,0.0,0.0,0.0
US1689051076,65430.0,2009,4,0.000401284,0.0,0.000401284,0.0,0.000401284
US1694671074,30618.0,2010,3,0.000397614,0.0,0.0,0.0,0.0
US16951C1080,185525.0,2012,1,0.052097741,0.0,0.029506685,-0.011526049,0.017980636
US1718715022,3036.0,2012,1,0.000521105,0.0,0.000521105,0.0,0.000521105
US17243V1026,177108.0,2010,4,0.001101322,0.0,0.0,0.0,0.0
US1773761002,61676.0,2010,3,0.000452591,0.000226296,0.0,0.0,0.0
US1858602022,39352.0,2012,1,0.000384025,0.0,0.0,0.0,0.0
US1858991011,3107.0,2009,1,0.000372856,0.0,0.000372856,0.0,0.000372856
US1858991011,3107.0,2017,1,0.000947568,0.0,0.000631712,0.0,0.000631712
US1858991011,3107.0,2023,4,0.012239902,0.000815993,0.00122399,-0.000815993,0.000407997
US1890541097,3121.0,2007,1,0.000252653,0.0,0.0,0.0,0.0
US18915M1071,35604.0,2024,3,0.000614439,0.0,0.0,-0.00030722,-0.00030722
US19075F3047,184040.0,2011,3,0.002290951,0.0,0.001145475,-0.000572738,0.000572738
US19247A1007,266214.0,2013,4,0.000553097,0.0,0.000553097,0.0,0.000553097
US2033491059,3265.0,2004,4,0.000603136,0.0,0.001206273,0.0,0.001206273
US20451Q1040,166368.0,2010,2,0.000564016,0.0,0.0,0.0,0.0
US20461S1087,146313.0,2009,3,0.004366812,0.0,0.003572846,-0.000793966,0.002778881
US2056381096,26011.0,2006,1,0.00040016,0.0,0.0,0.0,0.0
US2057683029,34010.0,2022,3,0.002816901,0.0,0.000804829,0.0,0.000804829
US2067041085,32098.0,2020,1,0.000491906,0.0,0.0,0.0,0.0
US2074101013,13623.0,2006,2,0.000376506,0.0,0.000376506,0.0,0.000376506
US20855T1007,23537.0,2018,3,0.001584786,0.000316957,0.000633914,0.0,0.000633914
US21036P1084,2710.0,2005,4,0.000350631,0.000350631,0.0,0.0,0.0
US2168311072,3502.0,2004,2,0.000354233,0.0,0.0,0.0,0.0
US21870U5020,165209.0,2015,1,0.001976285,0.000658762,0.0,-0.000658762,-0.000658762
US2187251093,133985.0,2003,2,0.000629723,0.0,0.000629723,0.0,0.000629723
US22160N1090,112111.0,2010,2,0.000250063,0.0,0.0,-0.000500125,-0.000500125
US2227951066,3562.0,2006,1,0.000309023,0.0,0.0,0.0,0.0
US2254471012,27794.0,2003,3,0.000884956,0.0,0.000884956,-0.000294985,0.000589971
US2254471012,27794.0,2010,2,0.004266667,0.0,0.005333333,0.0,0.005333333
US22765D4079,125276.0,2012,2,0.00030525,0.0,0.0,0.0,0.0
US2283681060,3619.0,2013,4,0.000328515,0.0,0.0,0.0,0.0
US2310211063,3650.0,2019,3,0.002746498,0.00027465,0.000823949,-0.00027465,0.0005493
US23131L1070,22439.0,2018,4,0.000284495,0.0,0.0,0.0,0.0
US23247W1045,17692.0,2014,3,0.000644745,0.0,0.0,0.0,0.0
US23305L2060,28071.0,2018,4,0.000566572,0.0,0.0,0.0,0.0
US2332931094,3814.0,2005,1,0.003296251,0.000412031,0.0,-0.000412031,-0.000412031
US2372661015,30651.0,2016,3,0.003405995,0.0,0.001021798,-0.000681199,0.000340599
US2372661015,30651.0,2018,2,0.00103377,0.0,0.0,0.0,0.0
US2376901029,3761.0,2017,2,0.005941771,0.0,0.001782531,-0.000594177,0.001188354
US2383371091,60923.0,2015,2,0.000217486,0.0,0.000217486,0.0,0.000217486
US24703L2025,14489.0,2017,3,0.000575209,0.0,0.000287604,0.0,0.000287604
US24703L2025,14489.0,2018,1,0.00029985,0.0,0.0,0.0,0.0
US24703L2025,14489.0,2021,1,0.000295683,0.0,0.000295683,0.0,0.000295683
US2473617023,3851.0,2007,4,0.000304878,0.0,0.0,0.0,0.0
US25179M1036,14934.0,2024,1,0.000872854,0.0,0.0,0.0,0.0
US2527843013,160706.0,2023,3,0.00034118,0.0,0.0,0.0,0.0
US2537981027,16710.0,2023,4,0.000898473,0.0,0.000898473,0.0,0.000898473
US25388B1044,113362.0,2002,3,0.000913242,0.0,0.0,-0.000456621,-0.000456621
US2544231069,24291.0,2015,2,0.000524659,0.0,0.000524659,0.0,0.000524659
US2544231069,24291.0,2023,3,0.00130166,0.0,0.00065083,-0.000325415,0.000325415
US25470M1099,60900.0,2016,4,0.001677149,0.000419287,0.000419287,-0.000419287,0.0
US25614C1080,113372.0,2009,4,0.000630517,0.0,0.0,0.0,0.0
US25659T1079,162354.0,2022,3,0.000755287,0.0,0.0,0.0,0.0
US2567431059,66061.0,2012,1,0.001675042,0.0,0.001116695,0.0,0.001116695
US2575541055,33603.0,2023,2,0.001648805,0.0,0.0,0.0,0.0
US2575592033,176760.0,2016,3,0.000677966,0.0,0.0,0.0,0.0
US2578672006,4040.0,2016,2,0.000750188,0.0,0.001875469,0.0,0.001875469
US25960R1059,184258.0,2015,1,0.00424854,0.0,0.00212427,-0.001062135,0.001062135
US2600031080,4058.0,2023,1,0.003575259,0.0,0.001072578,-0.000357526,0.000715052
US26433B1070,178453.0,2010,1,0.000421763,0.0,0.000843526,0.0,0.000843526
US26443V1017,26335.0,2015,4,0.000426257,0.0,0.000852515,-0.000426257,0.000426257
US2674751019,4115.0,2004,4,0.000634719,0.0,0.0,0.0,0.0
US26852W1036,178093.0,2014,1,0.000482859,0.0,0.0,0.0,0.0
US26969P1084,30032.0,2007,4,0.000839983,0.0,0.0,-0.000419992,-0.000419992
US2772761019,4193.0,2018,1,0.000333667,0.0,0.0,0.0,0.0
US2787681061,179202.0,2018,2,0.000399361,0.0,0.000399361,0.0,0.000399361
US2787681061,179202.0,2023,2,0.000899281,0.0,0.00044964,0.0,0.00044964
US28035Q1022,133367.0,2003,4,0.001436266,0.0,0.000718133,0.0,0.000718133
US28238P1093,174389.0,2007,1,0.000837872,0.0,0.000418936,0.0,0.000418936
US2836778546,4241.0,2014,1,0.007867607,0.0,0.001356484,-0.001899078,-0.000542594
US2837021086,178863.0,2011,3,0.005139501,0.000734214,0.001468429,0.0,0.001468429
US2852291002,4274.0,2008,3,0.001111111,0.0,0.000555556,0.0,0.000555556
US29076N2062,114698.0,2016,4,0.000833681,0.0,0.0,0.0,0.0
US29078E1055,174130.0,2007,4,0.00034118,0.0,0.0,0.0,0.0
US29084Q1004,6223.0,2023,2,0.010022632,0.0,0.008082768,-0.000323311,0.007759457
US29084Q1004,6223.0,2024,3,0.002860207,0.0,0.002502681,-0.001430104,0.001072578
US29101U4076,184742.0,2014,3,0.003362475,0.0,0.0,-0.00134499,-0.00134499
US2921041065,170714.0,2019,4,0.002047782,0.0,0.000341297,-0.000341297,0.0
US2924752098,4340.0,2009,1,0.00029146,0.0,0.0,-0.00029146,-0.00029146
US29260V1052,33913.0,2021,3,0.000652103,0.000326052,0.000652103,0.0,0.000652103
US29272C1036,19977.0,2019,3,0.000550055,0.0,0.000550055,0.0,0.000550055
US29275Y1029,160893.0,2024,2,0.008883249,0.000317259,0.007931472,-0.001269036,0.006662437
US29278N1037,141720.0,2016,3,0.000594884,0.0,0.000594884,0.0,0.000594884
US29283F1030,39526.0,2023,2,0.001047852,0.0,0.001047852,-0.000698568,0.000349284
US29355A1079,187450.0,2017,1,0.0070059,0.0,0.00479351,0.0,0.00479351
US2935941078,39251.0,2022,3,0.004408818,0.0,0.001603206,-0.001202405,0.000400802
US2941001024,4418.0,2014,4,0.000476644,0.0,0.0,0.0,0.0
US29415C1018,37392.0,2024,4,0.007440476,0.000297619,0.000595238,-0.000297619,0.000297619
US29444U7000,138743.0,2022,2,0.000336361,0.0,0.0,-0.000336361,-0.000336361
US2971781057,30293.0,2022,1,0.001053741,0.000263435,0.000263435,-0.000263435,0.0
US3006451088,4476.0,2003,1,0.001041112,0.0,0.000340832,-0.000466853,-0.000126022
US30219G1085,25356.0,2015,4,0.000555556,0.0,0.0,0.0,0.0
US30223G1022,39636.0,2022,1,0.000628141,0.0,0.000628141,-0.00031407,0.00031407
US30231G1022,4503.0,2022,2,0.002516515,0.000314564,0.000943693,-0.000314564,0.000629129
US3024451011,28477.0,2012,2,0.000383436,0.0,0.000383436,0.0,0.000383436
US30603D1090,14868.0,2015,1,0.000847458,0.000423729,0.0,-0.000423729,-0.000423729
US3070001090,4560.0,2002,4,0.000189107,0.0,0.000189107,0.0,0.000189107
US30712A1034,178750.0,2015,2,0.000510986,0.0,0.000510986,0.0,0.000510986
US30712A1034,178750.0,2016,3,0.001501502,0.0,0.0,0.0,0.0
US3135861090,4601.0,2021,3,0.002358491,0.0,0.0,-0.002358491,-0.002358491
US3138551086,4608.0,2022,2,0.001805054,0.0,0.001083032,-0.000361011,0.000722022
US31428X1063,4598.0,2004,1,0.000367512,0.000367512,0.000367512,-0.000367512,0.0
US31428X1063,4598.0,2006,1,0.00036324,0.0,0.00036324,0.0,0.00036324
US3152931008,13962.0,2012,4,0.00035137,0.0,0.0,0.0,0.0
US31573A1097,30806.0,2017,3,0.002222222,0.000444444,0.000888889,-0.001333333,-0.000444444
US31620M1062,165993.0,2004,3,0.000629611,0.0,0.000137969,0.0,0.000137969
US31680Q1040,19026.0,2019,1,0.000369959,0.0,0.0,0.0,0.0
US31847R1023,184899.0,2024,4,0.000612745,0.0,0.0,0.0,0.0
US32006W1062,28620.0,2015,2,0.000540541,0.0,0.000540541,0.0,0.000540541
US3205171057,4737.0,2014,2,0.00050226,0.0,0.001506781,0.0,0.001506781
US3205171057,4737.0,2024,1,0.000369004,0.0,0.0,0.0,0.0
US3364331070,175404.0,2011,4,0.011274935,0.0,0.005203816,-0.00318011,0.002023706
US3383071012,19908.0,2023,4,0.000584283,0.0,0.0,0.0,0.0
US34354P1057,4108.0,2010,1,0.003372681,0.0,0.001927246,0.0,0.001927246
US3453708600,4839.0,2010,1,0.002001371,0.0,0.001302071,-0.00090247,0.0003996
US34959E1091,183377.0,2014,4,0.000105887,0.0,0.0,0.0,0.0
US34988V1061,28118.0,2009,1,0.000270563,0.0,0.0,0.0,0.0
US35471R1068,163884.0,2013,3,0.001839926,0.0,0.0,0.0,0.0
US3570231007,162742.0,2007,2,0.003643725,0.000809717,0.002834008,-0.001214575,0.001619433
US35906A3068,135484.0,2004,1,0.00057241,0.0,0.0,-0.00057241,-0.00057241
US35952H6018,25430.0,2018,2,0.020307894,0.000327547,0.005568293,-0.001310187,0.004258107
US35952H6018,25430.0,2020,1,0.022255993,0.000148633,0.017192067,-0.002516336,0.014675731
US35952W1036,12559.0,2011,3,0.00742268,0.0,0.000412371,0.0,0.000412371
US36112J1079,186683.0,2012,2,0.000281294,0.0,0.000281294,0.0,0.000281294
US36467X2062,271745.0,2021,2,0.000576369,0.0,0.0,0.0,0.0
US36555P1075,30098.0,2017,3,0.002101944,0.000262743,0.000262743,-0.000525486,-0.000262743
US3693001089,25405.0,2009,2,0.004388852,0.000219443,0.000219443,-0.000438885,-0.000219443
US3703341046,5071.0,2002,1,0.000660284,0.0,0.000330142,0.0,0.000330142
US3719011096,5116.0,2015,1,0.002367985,0.000236798,0.000473597,-0.000473597,0.0
US3724601055,5125.0,2018,2,0.000309789,0.0,0.000309789,-0.000309789,0.0
US3789734080,175523.0,2010,2,0.001063264,0.0,0.0,0.0,0.0
US3793361003,27816.0,2008,4,0.000399042,0.0,0.0,0.0,0.0
US3793782018,23996.0,2019,4,0.000704225,0.0,0.0,0.0,0.0
US37946R1095,163935.0,2023,4,0.003378378,0.0,0.0,0.0,0.0
US3824108431,8387.0,2014,1,0.000269469,0.0,0.000269469,0.0,0.000269469
US3989051095,65718.0,2003,1,0.001272804,0.0,0.0,-0.001272804,-0.001272804
US40171F5017,65016.0,2004,2,0.000734214,0.0,0.0,-0.000734214,-0.000734214
US4051661092,38237.0,2023,3,0.000775194,0.0,0.0,0.0,0.0
US40609P1057,19129.0,2021,1,0.011437908,0.000544662,0.0,-0.002178649,-0.002178649
US4062161017,5439.0,2005,1,0.000271223,0.0,0.000271223,0.0,0.000271223
US40637H1095,151630.0,2016,1,0.000411353,0.0,0.0,-0.000411353,-0.000411353
US4103451021,175319.0,2020,2,0.000405351,0.0,0.0,0.0,0.0
US4113072007,175978.0,2011,2,0.000541419,0.0,0.0,0.0,0.0
US4130861093,12788.0,2015,1,0.000831025,0.0,0.000277008,0.0,0.000277008
US4138751056,5492.0,2013,2,0.000750469,0.0,0.000375235,0.0,0.000375235
US4158641070,5496.0,2024,3,0.004530744,0.0,0.000647249,-0.001941748,-0.001294498
US42226A1079,20823.0,2015,2,0.000672043,0.0,0.000336022,0.0,0.000336022
US42250P1030,13125.0,2020,1,0.000206569,0.000206569,0.0,0.0,0.0
US4228061093,5567.0,2021,4,0.000243072,0.0,0.000243072,0.0,0.000243072
US4228191023,120048.0,2014,1,0.001091703,0.0,0.000545852,0.0,0.000545852
US42330P1075,65006.0,2017,4,0.001165501,0.0,0.0,0.0,0.0
US4262811015,11811.0,2020,1,0.000347947,0.0,0.0,0.0,0.0
US4278661081,5597.0,2004,4,0.000474383,0.0,0.0,0.0,0.0
US42824C1099,26156.0,2017,1,0.000560538,0.0,0.0,-0.000280269,-0.000280269
US43114Q1058,36897.0,2024,2,0.004751848,0.0,0.000527983,0.0,0.000527983
US43289P1066,270705.0,2019,2,0.002209334,0.0,0.001933168,-0.000276167,0.001657001
US4364401012,20904.0,2024,1,0.000313676,0.0,0.0,0.0,0.0
US4370761029,5680.0,2011,1,0.003536068,0.0,0.001414427,-0.000353607,0.00106082
US4370761029,5680.0,2021,3,0.000325415,0.0,0.000325415,0.0,0.000325415
US4383331067,38635.0,2023,2,0.000460193,0.0,0.000920387,0.0,0.000920387
US4424874018,5750.0,2003,1,0.001085305,0.0,0.000651183,0.0,0.000651183
US4441441098,30899.0,2023,2,0.003371544,0.0,0.002022927,0.0,0.002022927
US4441721002,62766.0,2012,2,0.00047259,0.0,0.0,0.0,0.0
US4485791028,183366.0,2010,3,0.000329815,0.0,0.0,0.0,0.0
US4491721050,160681.0,2018,3,0.007936508,0.000496032,0.002480159,-0.003968254,-0.001488095
US44980X1090,175955.0,2018,4,0.00411985,0.0,0.001123596,0.0,0.001123596
US45174J5092,3105.0,2014,4,0.000333111,0.0,0.0,0.0,0.0
US4525362046,175013.0,2016,1,0.00087146,0.0,0.0,0.0,0.0
US45337C1027,29127.0,2017,3,0.000721761,0.0,0.0,-0.000360881,-0.000360881
US4570301048,12972.0,2008,1,0.001453488,0.0,0.0,-0.001453488,-0.001453488
US4571871023,66016.0,2007,2,0.000368053,0.0,0.0,0.0,0.0
US4576422053,28717.0,2012,2,0.001170503,0.0,0.000780336,0.0,0.000780336
US4576422053,28717.0,2023,2,0.000960615,0.0,0.0,0.0,0.0
US4576J04013,30692.0,2003,4,0.000393391,0.0,0.0,0.0,0.0
US45780L1044,19274.0,2016,4,0.000729395,0.0,0.0,0.0,0.0
US45812P1075,31488.0,2009,1,0.001762891,0.0,0.000440723,0.0,0.000440723
US4581401001,6008.0,2009,3,0.000305904,0.0,0.0,0.0,0.0
US45822P1057,11555.0,2004,1,0.009235936,0.000279877,0.001119507,-0.001399384,-0.000279877
US45867G1013,6100.0,2019,1,0.000810045,0.0,0.0,0.0,0.0
US4586831095,6036.0,2003,2,0.000535906,0.0,0.0,0.0,0.0
US4612121024,64102.0,2008,1,0.000924214,0.0,0.0,0.0,0.0
US46121Y1029,179843.0,2020,2,0.001533336,0.0,0.000535332,0.0,0.000535332
US4620442073,23810.0,2008,2,0.001025115,0.000512558,0.000512558,0.0,0.000512558
US46269C1027,183640.0,2014,1,0.000312012,0.0,0.0,0.0,0.0
US46269C1027,183640.0,2023,2,0.00093985,0.000313283,0.0,-0.000313283,-0.000313283
US4660321096,12825.0,2016,2,0.000530504,0.0,0.0,0.0,0.0
US4698651092,61534.0,2005,4,0.000658111,0.000329056,0.0,-0.000329056,-0.000329056
US47012E1064,62745.0,2019,1,0.001117318,0.0,0.001117318,-0.000558659,0.000558659
US4824801009,6304.0,2011,2,0.001124859,0.0,0.00056243,0.0,0.00056243
US4825391034,22343.0,2017,1,0.001454193,0.0,0.0,0.0,0.0
US4891701009,6386.0,2023,1,0.003718855,0.0,0.003346969,-0.000371885,0.002975084
US4932671088,9783.0,2021,2,0.002803083,0.0,0.001401542,0.0,0.001401542
US49456B1017,6310.0,2021,4,0.006859206,0.000361011,0.000361011,-0.001444043,-0.001083032
US4969042021,61743.0,2023,1,0.000431034,0.0,0.0,-0.000431034,-0.000431034
US4989042001,64745.0,2019,1,0.00035791,0.0,0.0,-0.00035791,-0.00035791
US5002551043,25283.0,2012,2,0.000325839,0.0,0.0,0.0,0.0
US5012421013,6509.0,2003,3,0.000737735,0.0,0.0,-0.000737735,-0.000737735
US5018101056,63635.0,2006,3,0.000263366,0.0,0.0,0.0,0.0
US50189K1034,11796.0,2021,2,0.000909642,0.0,0.000303214,0.0,0.000303214
US5020791068,112034.0,2016,4,0.000518672,0.0,0.000518672,0.0,0.000518672
US5021601043,6528.0,2014,1,0.00229693,0.0,0.002714554,-0.000626436,0.002088119
US50540R4092,14960.0,2014,2,0.00057554,0.0,0.00057554,0.0,0.00057554
US5138471033,6573.0,2019,3,0.000542888,0.0,0.0,0.0,0.0
US51504L1070,29946.0,2016,4,0.000723066,0.0,0.002169197,0.0,0.002169197
US51509F1057,19581.0,2024,4,0.00045977,0.0,0.00137931,0.0,0.00137931
US5165482036,138467.0,2009,1,0.001727116,0.0,0.00115141,0.0,0.00115141
US5178341070,161844.0,2015,3,0.000401284,0.0,0.0,-0.000401284,-0.000401284
US5178341070,161844.0,2016,1,0.00048216,0.0,0.00048216,0.0,0.00048216
US5184391044,61567.0,2022,2,0.000274424,0.0,0.0,0.0,0.0
US5220151063,61662.0,2003,4,0.000835073,0.0,0.0,0.0,0.0
US5253271028,165123.0,2013,3,0.000291886,0.0,0.0,0.0,0.0
US52736R1023,16476.0,2010,3,0.000788644,0.0,0.0,0.0,0.0
US53115L1044,30284.0,2021,3,0.005513982,0.0,0.002363135,-0.000787712,0.001575423
US5352191093,24351.0,2023,2,0.000943841,0.0,0.0,0.0,0.0
US5352191093,24351.0,2024,1,0.000906208,0.0,0.000453104,0.0,0.000453104
US5355551061,14954.0,2009,4,0.003901578,0.0,0.009297212,-0.001117717,0.008179495
US53566P1093,24996.0,2021,1,0.000707214,0.0,0.0,-0.000353607,-0.000353607
US5362521099,123016.0,2007,3,0.000677736,0.0,0.0,0.0,0.0
US53635B1070,166213.0,2010,2,0.000992063,0.0,0.000496032,0.0,0.000496032
US5370081045,25747.0,2013,1,0.001919912,0.0,0.000274273,0.0,0.000274273
US5381461012,133869.0,2020,2,0.000347947,0.0,0.000347947,0.0,0.000347947
US53814L1089,34048.0,2020,3,0.010908099,0.000272702,0.00436324,-0.004090537,0.000272702
US5432131028,6803.0,2004,2,0.000980392,0.0,0.000490196,-0.000490196,0.0
US5486611073,6829.0,2010,4,0.001587302,0.0,0.003174603,0.0,0.003174603
US55024U1097,23249.0,2018,4,0.000972132,0.0,0.000972132,-0.000324044,0.000648088
US55303J1060,14891.0,2018,2,0.006153846,0.0,0.002051282,0.0,0.002051282
US55306N1046,119275.0,2003,1,0.003201281,0.0,0.00080032,0.0,0.00080032
US55315D1054,63541.0,2018,3,0.005336891,0.000667111,0.003335557,-0.000667111,0.002668446
US55354G1004,178507.0,2019,3,0.000280034,0.0,0.0,-0.000280034,-0.000280034
US5537731029,14296.0,2003,3,0.00120919,0.0,0.0,0.0,0.0
US55405Y1001,187740.0,2006,2,0.000310366,0.0,0.0,0.0,0.0
US5560991094,18658.0,2022,3,0.000505561,0.0,0.0,0.0,0.0
US5594244031,12581.0,2013,4,0.002257336,0.0,0.003386005,0.0,0.003386005
US5635714059,6994.0,2019,2,0.00053135,0.0,0.001062699,0.0,0.001062699
US56418H1005,14370.0,2022,3,0.000598623,0.0,0.0,0.0,0.0
US5645631046,146171.0,2011,3,0.002452698,0.0,0.0,0.0,0.0
US5766741053,7107.0,2012,1,0.004647233,0.0,0.001267427,-0.000422476,0.000844951
US57778K1051,137609.0,2005,4,0.001557632,0.0,0.000389408,-0.000778816,-0.000389408
US5794893033,14163.0,2004,3,0.000379939,0.0,0.0,0.0,0.0
US5805891091,7161.0,2015,2,0.00117096,0.0,0.0,0.0,0.0
US58933Y1055,7257.0,2005,2,0.000142005,0.0,0.0,0.0,0.0
US5893781089,66393.0,2017,2,0.000297885,0.0,0.0,0.0,0.0
US5894331017,7260.0,2018,3,0.000708717,0.0,0.000354359,0.0,0.000354359
US5898891040,21777.0,2005,4,0.000686342,0.0,0.000343171,0.0,0.000343171
US5903282094,187631.0,2016,3,0.000603865,0.0,0.001207729,0.0,0.001207729
US5904791358,33962.0,2022,1,0.002255639,0.0,0.00112782,0.0,0.00112782
US5904791358,33962.0,2022,4,0.002128792,0.0,0.001064396,0.0,0.001064396
US59100U1088,28866.0,2024,3,0.001686341,0.0,0.0,0.0,0.0
US59156R1086,133768.0,2016,2,0.000610314,0.0,0.0,0.0,0.0
US5948501094,30789.0,2004,3,0.000392003,0.0,0.0,0.0,0.0
US59503A2042,29293.0,2011,3,0.000762777,0.0,0.0,0.0,0.0
US59560V1098,187810.0,2019,4,0.001766784,0.0,0.001766784,0.0,0.001766784
US6031581068,25870.0,2021,1,0.002295918,0.0,0.000510204,-0.000255102,0.000255102
US6047491013,35375.0,2024,3,0.000507099,0.0,0.000507099,0.0,0.000507099
US60886R1032,28917.0,2003,1,0.001129518,0.0,0.0,0.0,0.0
US60886R1032,28917.0,2004,4,0.000308737,0.0,0.000617475,0.0,0.000617475
US60937K2069,182554.0,2018,1,0.002414626,0.0,0.00103484,-0.000344947,0.000689893
US61166W1018,140760.0,2006,3,0.000462107,0.0,0.0,0.0,0.0
US61945C1036,162129.0,2010,3,0.001614466,0.000968679,0.0,-0.001291572,-0.001291572
US61980V1070,157757.0,2005,2,0.000399521,0.0,0.0,-0.000399521,-0.000399521
US6254531055,62107.0,2012,4,0.001091703,0.0,0.0,0.0,0.0
US6267171022,7620.0,2018,1,0.000690369,0.0,0.001380739,-0.000690369,0.000690369
US6287781024,19094.0,2021,4,0.000635324,0.0,0.0,0.0,0.0
US62914B1008,122078.0,2007,4,0.000801925,0.0,0.0,0.0,0.0
US6294841068,17061.0,2004,1,0.000595593,0.0,0.0,0.0,0.0
US62985Q1013,161797.0,2007,3,0.00089153,0.0,0.000594354,0.0,0.000594354
US6381041093,7781.0,2003,3,0.00059952,0.0,0.0,0.0,0.0
US64049M2098,125794.0,2020,1,0.001243781,0.0,0.0,0.0,0.0
US64111Q1040,154039.0,2010,3,0.000459137,0.0,0.0,0.0,0.0
US64115T1043,122902.0,2010,2,0.000174338,0.0,0.0,0.0,0.0
US6453701079,18171.0,2014,4,0.000505306,0.0,0.0,0.0,0.0
US6512901082,29173.0,2004,1,0.000658111,0.0,0.0,0.0,0.0
US6517185046,7882.0,2010,2,0.001402525,0.0,0.000467508,-0.000467508,0.0
US65487K1007,33420.0,2023,1,0.001328609,0.0,0.00044287,0.0,0.00044287
US66986W2070,123017.0,2010,3,0.000437063,0.0,0.0,-0.000437063,-0.000437063
US67018T1051,64028.0,2018,2,0.00043956,0.0,0.000879121,0.0,0.000879121
US6703461052,8030.0,2024,2,0.007044321,0.0,0.000587027,-0.003228647,-0.00264162
US67066G1040,117768.0,2017,1,0.001289491,0.0,0.000322373,0.0,0.000322373
US6708721005,29001.0,2008,1,0.000339443,0.0,0.000339443,0.0,0.000339443
US6708721005,29001.0,2013,3,0.00170503,0.0,0.000852515,-0.000426257,0.000426257
US67091K3023,178851.0,2011,3,0.003341289,0.000477327,0.000954654,-0.000954654,0.0
US67091K3023,178851.0,2012,2,0.005303958,0.0,0.0,0.0,0.0
US67091U1025,162219.0,2016,4,0.002777778,0.0,0.0,-0.003472222,-0.003472222
US67091U1025,162219.0,2018,4,0.001305483,0.0,0.0,0.0,0.0
US6745991058,8068.0,2021,4,0.003423485,0.000342349,0.001027046,0.0,0.001027046
US6748705067,260737.0,2021,1,0.013605442,0.0,0.000971817,-0.001943635,-0.000971817
US6757463095,63639.0,2013,3,0.000225175,0.0,0.0,0.0,0.0
US6762201068,14624.0,2011,1,0.000278784,0.0,0.0,0.0,0.0
US6806652052,8123.0,2021,1,0.001450852,0.0,0.000362713,0.0,0.000362713
US68162K1060,29870.0,2005,4,0.000695894,0.0,0.0,-0.000695894,-0.000695894
US6821891057,134932.0,2016,2,0.000881446,0.0,0.000440723,0.0,0.000440723
US6826801036,8151.0,2013,3,0.003120567,0.0,0.000283688,-0.000567376,-0.000283688
US6833731044,150761.0,2023,3,0.001745201,0.0,0.002617801,-0.0008726,0.001745201
US68389X1054,12142.0,2006,4,0.000292874,0.0,0.000165453,0.0,0.000165453
US68401U2042,23464.0,2022,2,0.000461681,0.0,0.0,0.0,0.0
US68554V1089,12915.0,2015,2,0.001220008,0.0,0.000406669,0.0,0.000406669
US68554V1089,12915.0,2024,2,0.001252348,0.0,0.000626174,0.0,0.000626174
US6855641063,21496.0,2004,3,0.001474926,0.0,0.000737463,-0.000368732,0.000368732
US6855641063,21496.0,2010,1,0.002174588,0.0,0.000621311,-0.000621311,0.0
US6862751087,179058.0,2021,4,0.003911343,0.0,0.003259452,0.0,0.003259452
US6866881021,160913.0,2010,1,0.006555842,0.000234137,0.002575509,-0.000936549,0.00163896
US6866881021,160913.0,2019,1,0.011732852,0.000451264,0.004963899,-0.005415162,-0.000451264
US6882392011,11721.0,2010,3,0.000471032,0.0,0.0,0.0,0.0
US68906N2009,135165.0,2003,4,0.000500751,0.0,0.0,0.0,0.0
US69036R8631,8210.0,2006,2,0.001090237,0.0,0.001279427,-0.000511771,0.000767656
US6907421019,8214.0,2014,1,0.001617687,0.0,0.0,-0.001078458,-0.001078458
US69290R1041,20961.0,2018,4,0.004826678,0.0,0.000877578,-0.001316367,-0.000438789
US69327R1014,8512.0,2020,4,0.001044932,0.0,0.0,0.0,0.0
US6933202029,8240.0,2005,2,0.001272265,0.0,0.0,0.0,0.0
US69354N1063,150477.0,2009,1,0.000234082,0.0,0.0,0.0,0.0
US6937181088,8253.0,2017,3,0.007784431,0.0,0.004790419,0.0,0.004790419
US6951271005,185836.0,2022,4,0.000712251,0.0,0.0,0.0,0.0
US7006661000,8350.0,2024,4,0.000557414,0.0,0.0,0.0,0.0
US70202L1026,35158.0,2024,1,0.001791473,0.0,0.000358295,-0.000358295,0.0
US70322A1016,29846.0,2003,3,0.00087184,0.0,0.0,-0.00043592,-0.00043592
US7034811015,29108.0,2020,4,0.004962779,0.0,0.001240695,0.0,0.001240695
US70975L1070,26147.0,2022,3,0.000327761,0.0,0.0,0.0,0.0
US71375U1016,122394.0,2023,4,0.001008573,0.0,0.0,-0.000504286,-0.000504286
US71377E1055,170965.0,2024,4,0.000452489,0.0,0.000452489,-0.000452489,0.0
US71910C1036,187165.0,2022,1,0.000657462,0.0,0.0,0.0,0.0
US72388B1061,179739.0,2009,2,0.000980392,0.0,0.0,0.0,0.0
US7244791007,8606.0,2022,4,0.000378788,0.0,0.000378788,0.0,0.000378788
US7265031051,116029.0,2010,4,0.00076297,0.000254323,0.0,-0.000254323,-0.000254323
US7310681025,14311.0,2009,2,0.000293083,0.0,0.00087925,0.0,0.00087925
US73179P1066,28194.0,2015,3,0.000420168,0.0,0.000420168,0.0,0.000420168
US7365088472,12428.0,2013,1,0.009137863,0.0,0.001986492,-0.00238379,-0.000397298
US73739W1045,37560.0,2021,1,0.00074129,0.0,0.000370645,-0.000370645,0.0
US74112D1019,162335.0,2016,2,0.00045683,0.0,0.0,-0.00045683,-0.00045683
US74251V1026,145701.0,2014,2,0.000283849,0.0,0.0,0.0,0.0
US74251V1026,145701.0,2016,3,0.000634921,0.0,0.0,0.0,0.0
US74319N1000,40306.0,2023,2,0.003205128,0.0,0.001602564,0.0,0.001602564
US74340W1036,29984.0,2023,4,0.000372301,0.0,0.000372301,0.0,0.000372301
US74346Y1038,177744.0,2014,1,0.000301659,0.0,0.000301659,0.0,0.000301659
US74348T1025,160233.0,2009,4,0.000513875,0.0,0.000513875,0.0,0.000513875
US7453101021,8818.0,2003,1,0.003982081,0.0,0.00149328,-0.00099552,0.00049776
US74623V1035,36278.0,2022,4,0.000579206,0.000289603,0.0,0.0,0.0
US7473161070,8850.0,2024,2,0.001612903,0.000806452,0.000403226,-0.000806452,-0.000403226
US74733V1008,154357.0,2014,2,0.001044205,0.0,0.0,0.0,0.0
US74735A1043,185003.0,2010,3,0.000563698,0.0,0.0,0.0,0.0
US7476191041,179819.0,2022,1,0.000550661,0.0,0.0,0.0,0.0
US74834L1008,64166.0,2018,4,0.000281928,0.0,0.0,0.0,0.0
US74838C1062,12868.0,2005,3,0.000487805,0.0,0.000487805,0.0,0.000487805
US7493604000,8892.0,2018,2,0.003322259,0.0,0.00110742,0.0,0.00110742
US7493604000,8892.0,2023,1,0.005836576,0.0,0.003891051,-0.002594034,0.001297017
US7496851038,8902.0,2013,1,0.000755572,0.0,0.000755572,0.0,0.000755572
US74979W1018,32371.0,2019,1,0.000458085,0.0,0.0,0.0,0.0
US7504591097,61439.0,2004,3,0.000497512,0.0,0.0,0.0,0.0
US7521821055,176873.0,2010,3,0.00066313,0.0,0.00066313,0.0,0.00066313
US7522461083,185427.0,2009,4,0.001253133,0.001253133,0.0,0.0,0.0
US7542121089,8958.0,2008,3,0.001964637,0.0,0.001473477,-0.000982318,0.000491159
US75734R3030,160163.0,2006,1,0.000891663,0.000445831,0.0,-0.000445831,-0.000445831
US7580754023,61129.0,2024,2,0.00034904,0.00034904,0.0,0.0,0.0
US7587501039,9016.0,2020,1,0.005174644,0.000862441,0.001724881,-0.003880983,-0.002156102
US7591EP1005,4674.0,2003,3,0.000487208,0.0,0.000265675,0.0,0.000265675
US75971T3014,279431.0,2021,2,0.023837209,0.0,0.009302326,0.0,0.009302326
US7597578001,187677.0,2008,3,0.003286771,0.000821693,0.0,-0.000821693,-0.000821693
US7598922018,186996.0,2011,4,0.000301659,0.0,0.0,0.0,0.0
US7607591002,112168.0,2012,3,0.000462749,0.0,0.0,0.0,0.0
US7609431009,26004.0,2008,4,0.002368866,0.000338409,0.0,-0.000676819,-0.000676819
US7611521078,31887.0,2002,3,0.000348432,0.0,0.0,0.0,0.0
US76117W1099,2337.0,2019,2,0.001926782,0.0,0.000642261,-0.003211304,-0.002569043
US7615655062,177896.0,2010,4,0.000988631,0.0,0.0,-0.000988631,-0.000988631
US77634L1052,183636.0,2024,1,0.000270416,0.0,0.0,-0.000270416,-0.000270416
US7777801074,180905.0,2011,3,0.000601323,0.0,0.0,-0.000300661,-0.000300661
US7813862064,21035.0,2022,1,0.001487542,0.0,0.001115656,0.0,0.001115656
US7835491082,9299.0,2014,1,0.001960144,0.0,0.000326691,-0.000653381,-0.000326691
US7837541041,5968.0,2019,3,0.003134796,0.0,0.004388715,0.0,0.004388715
US78409V1044,7163.0,2008,2,0.000261233,0.0,0.000522466,0.0,0.000522466
US7841531087,29647.0,2005,4,0.000567215,0.0,0.0,0.0,0.0
US78464R1059,147660.0,2008,3,0.000755572,0.0,0.0,0.0,0.0
US78486Q1013,17120.0,2018,3,0.00053135,0.0,0.00053135,0.0,0.00053135
US79546E1047,175900.0,2018,2,0.000292483,0.0,0.000292483,-0.000292483,0.0
US8085411069,61519.0,2003,4,0.000519481,0.000519481,0.0,-0.000519481,-0.000519481
US81211K1007,9555.0,2004,4,0.001072018,0.0,0.001387277,-0.000630517,0.00075676
US8163001071,17115.0,2009,2,0.000759301,0.0,0.000379651,0.0,0.000379651
US8166452040,185380.0,2013,4,0.001219512,0.0,0.0,0.0,0.0
US8168501018,9599.0,2009,1,0.001015228,0.0,0.000676819,0.0,0.000676819
US8168501018,9599.0,2017,4,0.002210433,0.0,0.0,0.0,0.0
US8168511090,8272.0,2020,4,0.019939717,0.0,0.004405286,-0.000927429,0.003477858
US81725T1007,11012.0,2024,4,0.000839631,0.0,0.000839631,0.0,0.000839631
US81784E1010,174360.0,2024,1,0.001885014,0.0,0.000942507,-0.000942507,0.0
US82568P3047,175376.0,2015,1,0.000574878,0.0,0.000862317,0.0,0.000862317
US8261701028,63180.0,2003,1,0.000272405,0.0,0.0,0.0,0.0
US8265651039,12234.0,2006,3,0.000362976,0.0,0.0,0.0,0.0
US8288061091,29389.0,2021,2,0.000646204,0.0,0.000323102,-0.000323102,0.0
US82981J1097,27780.0,2021,1,0.000323102,0.0,0.0,0.0,0.0
US82982T1060,35794.0,2020,2,0.000573066,0.0,0.0,0.0,0.0
US8385181081,9831.0,2017,3,0.00805153,0.0,0.006441224,-0.003220612,0.003220612
US84265V1052,61811.0,2016,1,0.003773585,0.0,0.000377358,0.0,0.000377358
US8447411088,9882.0,2011,1,0.000654236,0.0,0.000327118,0.0,0.000327118
US8447411088,9882.0,2019,2,0.000232288,0.0,0.000232288,0.0,0.000232288
US8472202097,9921.0,2008,3,0.001120239,0.0,0.00373413,0.0,0.00373413
US84763R1014,65459.0,2008,2,0.001273237,0.0,0.0,0.0,0.0
US8485741099,164494.0,2017,3,0.000289352,0.0,0.0,0.0,0.0
US85209W1099,35922.0,2020,4,0.001238774,0.0,0.001548467,-0.000309693,0.001238774
US8522341036,26367.0,2022,2,0.000333556,0.0,0.000333556,0.0,0.000333556
US8542311076,10008.0,2008,3,0.000531915,0.0,0.000531915,0.0,0.000531915
US8545321080,174663.0,2007,4,0.000457875,0.000457875,0.000457875,0.0,0.000457875
US8576891035,28317.0,2005,4,0.000477783,0.0,0.0,-0.000477783,-0.000477783
US8581191009,64030.0,2015,4,0.001927313,0.0,0.000825991,-0.000550661,0.00027533
US8581191009,64030.0,2018,4,0.001229634,0.0,0.000922226,0.0,0.000922226
US86272C1036,63338.0,2010,2,0.000727537,0.0,0.0,-0.000363769,-0.000363769
US8644821048,62501.0,2018,2,0.00192431,0.000641437,0.001282874,0.0,0.001282874
US86722Y1010,15396.0,2013,4,0.000541419,0.0,0.000541419,0.0,0.000541419
US8676524064,165051.0,2009,4,0.008067018,0.0,0.003723239,0.0,0.003723239
US8679316021,39630.0,2007,4,0.000699301,0.00034965,0.0,0.0,0.0
US8681571084,25509.0,2016,2,0.000335796,0.0,0.001007388,-0.000671592,0.000335796
US8685363017,10190.0,2010,3,0.000288767,0.0,0.000288767,0.0,0.000288767
US86858W2008,133825.0,2003,3,0.000329381,0.0,0.0,0.0,0.0
US8688731004,66588.0,2012,1,0.000714541,0.0,0.0,0.0,0.0
US8688731004,66588.0,2014,1,0.001391466,0.0,0.000927644,-0.000927644,0.0
US8715431040,9715.0,2011,4,0.00102459,0.0,0.000512295,-0.001536885,-0.00102459
US87157B1035,166593.0,2009,1,0.00067659,0.0,0.00067659,0.0,0.00067659
US87157B1035,166593.0,2012,3,0.000282885,0.0,0.0,0.0,0.0
US8716071076,24975.0,2015,3,0.002931596,0.0,0.000977199,0.0,0.000977199
US87162W1009,156155.0,2022,3,0.000743494,0.0,0.0,0.0,0.0
US87163F1066,158473.0,2017,3,0.001234568,0.0,0.001234568,-0.000823045,0.000411523
US8716551069,30220.0,2022,4,0.00173913,0.0,0.0,-0.00115942,-0.00115942
US8722751026,15197.0,2007,4,0.0004158,0.0004158,0.0,0.0,0.0
US87266J1043,27574.0,2019,2,0.01610306,0.0,0.017444981,-0.000536769,0.016908213
US87266J1043,27574.0,2023,2,0.012733447,0.000848896,0.008064516,-0.002971138,0.005093379
US87311L1044,120359.0,2011,2,0.000310655,0.0,0.0,0.0,0.0
US8746971055,15117.0,2014,4,0.000609385,0.0,0.0,-0.000609385,-0.000609385
US8753722037,18899.0,2023,2,0.000817661,0.0,0.000545108,0.0,0.000545108
US87582Y1082,184715.0,2013,4,0.000420521,0.0,0.0,0.0,0.0
US87612E1064,3813.0,2005,2,0.000294551,0.0,0.0,-0.000294551,-0.000294551
US87615L1070,34941.0,2019,3,0.000716846,0.0,0.000358423,-0.000358423,0.0
US8782371061,12171.0,2013,1,0.000332116,0.0,0.000332116,0.0,0.000332116
US8787392005,178644.0,2022,1,0.001428571,0.0,0.0,-0.001428571,-0.001428571
US8803491054,10443.0,2020,2,0.005615349,0.0,0.002807674,-0.002807674,0.0
US88076W1036,178310.0,2022,2,0.000339098,0.0,0.000339098,0.0,0.000339098
US8825081040,10499.0,2019,3,0.000619195,0.0,0.0,0.0,0.0
US88429K1034,35733.0,2019,4,0.000539374,0.0,0.000539374,0.0,0.000539374
US88579Y1010,7435.0,2022,2,0.002734958,0.0,0.000745898,-0.000497265,0.000248633
US8865471085,13646.0,2008,1,0.000465983,0.0,0.0,0.0,0.0
US8873891043,10581.0,2005,3,0.00155521,0.0,0.002592017,0.0,0.002592017
US8873991033,20011.0,2019,2,0.000738007,0.0,0.0,-0.000738007,-0.000738007
US88830M1027,28295.0,2008,1,0.001924928,0.000481232,0.0,-0.000481232,-0.000481232
US88830R1014,178973.0,2008,2,0.001176471,0.0,0.0,0.0,0.0
US88870R1023,24396.0,2013,4,0.00029163,0.0,0.0,-0.00058326,-0.00058326
US8907861061,13326.0,2005,1,0.000375375,0.0,0.0,0.0,0.0
US8918261095,184785.0,2011,2,0.001603421,0.0,0.001068947,0.0,0.001068947
US8918941076,29887.0,2013,1,0.000335008,0.0,0.000670017,0.0,0.000670017
US8923561067,29736.0,2008,2,0.000371885,0.0,0.0,0.0,0.0
US8929181035,63520.0,2018,3,0.000431034,0.0,0.000431034,0.0,0.000431034
US89366M2017,18666.0,2019,1,0.001929757,0.0,0.000771903,-0.000771903,0.0
US8957351088,22008.0,2010,2,0.001401051,0.0,0.001050788,-0.000700525,0.000350263
US8968181011,63876.0,2009,2,0.000502765,0.0,0.000502765,0.0,0.000502765
US89784N1046,153028.0,2006,3,0.000314861,0.0,0.0,0.0,0.0
US89969Q1040,170904.0,2016,1,0.000332447,0.0,0.000332447,0.0,0.000332447
US90184D1000,34241.0,2021,4,0.000609385,0.0,0.0,0.0,0.0
US9029521005,12407.0,2017,1,0.000618047,0.0,0.0,0.0,0.0
US9032131065,22772.0,2010,2,0.018661137,0.002665877,0.004739336,-0.002962085,0.001777251
US9032131065,22772.0,2017,4,0.005086901,0.0,0.002967359,-0.000423908,0.002543451
US9033181036,21628.0,2017,1,0.000466853,0.0,0.0,0.0,0.0
US90338W1036,60835.0,2003,2,0.000615006,0.000615006,0.000615006,-0.000615006,0.0
US90384S3031,178704.0,2014,1,0.000269034,0.0,0.000269034,0.0,0.000269034
US90385D1072,111064.0,2018,1,0.000397456,0.0,0.000397456,0.0,0.000397456
US9040341052,28938.0,2009,1,0.000445038,0.0,0.0,0.0,0.0
US9100471096,10795.0,2014,2,0.000925355,0.0,0.001850709,0.0,0.001850709
US9134561094,11017.0,2021,2,0.001606426,0.0,0.0,0.0,0.0
US9134561094,11017.0,2022,1,0.002384738,0.0,0.000794913,-0.000794913,0.0
US91347P1057,25274.0,2012,1,0.000867679,0.0,0.000433839,0.0,0.000433839
US91544A1097,22040.0,2018,3,0.000911577,0.0,0.001367366,0.0,0.001367366
US91851C2017,27199.0,2022,4,0.000880023,0.0,0.0,-0.000293341,-0.000293341
US9197941076,11861.0,2018,1,0.000354988,0.0,0.000354988,0.0,0.000354988
US9215641005,179028.0,2010,4,0.000419287,0.0,0.0,0.0,0.0
US92336G1067,165731.0,2006,4,0.002251407,0.0,0.001876173,0.0,0.001876173
US92553H8034,133346.0,2012,4,0.002923977,0.0,0.0,-0.002923977,-0.002923977
US92839Y1091,150284.0,2007,3,0.000325945,0.0,0.0,0.0,0.0
US9292841072,138943.0,2002,4,0.001554002,0.0,0.003108003,-0.000777001,0.002331002
US92939U1060,11550.0,2011,1,0.02674524,0.000453309,0.004533092,-0.00543971,-0.000906618
US93564A1007,151632.0,2012,1,0.001408451,0.0,0.0,0.0,0.0
US94106L1098,14477.0,2013,2,0.001243394,0.000310849,0.000310849,-0.000310849,0.0
US9418481035,61574.0,2002,3,0.00146886,0.0,0.000293772,-0.000587544,-0.000293772
US9426222009,11313.0,2023,3,0.000497018,0.0,0.0,0.0,0.0
US9426222009,11313.0,2024,4,0.003431373,0.0,0.001960784,0.0,0.001960784
US94770V1026,115404.0,2008,1,0.000741107,0.0,0.0,0.0,0.0
US9497461015,8007.0,2018,1,0.000715137,0.0,0.001191895,-0.000476758,0.000715137
US95040Q1040,5543.0,2018,1,0.000535906,0.000535906,0.0,-0.000535906,-0.000535906
US9542351070,29268.0,2005,4,0.00033557,0.0,0.0,0.0,0.0
US95709T6055,34057.0,2011,4,0.010213556,0.0,0.00185701,-0.00371402,-0.00185701
US9575412047,61646.0,2017,2,0.001419111,0.0,0.000946074,0.0,0.000946074
US9576381092,163920.0,2023,3,0.000225938,0.0,0.0,0.0,0.0
US9593191045,165652.0,2016,1,0.000744602,0.0,0.0,-0.000372301,-0.000372301
US9604131022,160684.0,2018,1,0.001141987,0.0,0.001141987,-0.000761325,0.000380662
US9621661043,11456.0,2008,2,0.000271076,0.0,0.0,-0.000271076,-0.000271076
US9692031084,63495.0,2014,2,0.001790831,0.0,0.001074499,-0.000716332,0.000358166
US9694656086,19911.0,2008,4,0.00160901,0.0,0.0,0.0,0.0
US98138J2069,184957.0,2019,4,0.007147963,0.0,0.003573981,-0.002859185,0.000714796
US98212B1035,187128.0,2016,3,0.001254312,0.0,0.000313578,0.0,0.000313578
US98310W1080,174729.0,2016,3,0.000658111,0.0,0.000329056,0.0,0.000329056
US9837931008,144998.0,2020,3,0.000328839,0.0,0.000328839,0.0,0.000328839
US9838571035,12189.0,2009,1,0.001178782,0.0,0.001178782,-0.002357564,-0.001178782
US98387E2054,163896.0,2012,4,0.000797872,0.0,0.000265957,0.0,0.000265957
US98387E2054,163896.0,2021,1,0.000616523,0.0,0.000308261,0.0,0.000308261
US98459U1034,37061.0,2020,4,0.00059952,0.0,0.0,0.0,0.0
US9851941099,37393.0,2024,1,0.00074239,0.0,0.0,0.0,0.0
US9884981013,65417.0,2021,4,0.00102145,0.0,0.000340483,0.0,0.000340483
US9884981013,65417.0,2022,2,0.001179593,0.0,0.000884695,0.0,0.000884695
US98944B1089,178538.0,2010,1,0.000639795,0.0,0.000639795,0.0,0.000639795
US98955K1043,39197.0,2022,2,0.001957713,0.0,0.000783085,0.0,0.000783085
US98975W1045,25918.0,2009,3,0.0090212,0.0,0.00270636,-0.0022553,0.00045106
US98980L1017,35005.0,2023,4,0.000665557,0.0,0.000665557,0.0,0.000665557
US9899221090,25579.0,2010,2,0.000441112,0.0,0.0,-0.000441112,-0.000441112
ZAE000006284,102422.0,2020,4,0.000928936,0.0,0.0,0.0,0.0
ZAE000066692,211127.0,2024,1,0.00195599,0.0,0.000488998,0.0,0.000488998
ZAE000134854,213098.0,2022,4,0.004477004,0.001221001,0.000814001,-0.001221001,-0.000407
ZAE000191979,318455.0,2019,4,0.000451875,0.0,0.0,-0.000451875,-0.000451875
