year,month,quarter,mean_expo,std_expo,mean_risk,std_risk,mean_sent,mean_pos,mean_neg,cc_balance,n_firms,Mkt_RF,SMB,HML,RF,Mom,period,mkt_vol_12m,expo_risk_ratio
2001,1,1,0.000297177,,0.0,,0.000297177,0.000297177,0.0,0.000297177,1,0.0325,0.0641,-0.050499999999999996,0.0054,-0.2535,2001.0,,0.0
2001,2,1,0.000297177,,0.0,,0.000297177,0.000297177,0.0,0.000297177,1,-0.1003,-0.006500000000000001,0.1223,0.0038,0.126,2001.0833333333333,,0.0
2001,3,1,0.000297177,,0.0,,0.000297177,0.000297177,0.0,0.000297177,1,-0.0725,0.0026,0.0647,0.0042,0.08650000000000001,2001.1666666666667,,0.0
2001,4,2,0.0010979368819444444,0.0012893952903398316,6.405768749999999e-05,0.00019112590151094171,0.0001906242222222222,0.00042181003472222217,-0.00023118581249999997,0.0006529958472222221,144,0.0793,0.005,-0.0464,0.0039000000000000003,-0.0801,2001.25,,0.05834368324724242
2001,5,2,0.0010979368819444444,0.0012893952903398316,6.405768749999999e-05,0.00019112590151094171,0.0001906242222222222,0.00042181003472222217,-0.00023118581249999997,0.0006529958472222221,144,0.0068000000000000005,0.0248,0.0338,0.0032,0.0215,2001.3333333333333,,0.05834368324724242
2001,6,2,0.0010979368819444444,0.0012893952903398316,6.405768749999999e-05,0.00019112590151094171,0.0001906242222222222,0.00042181003472222217,-0.00023118581249999997,0.0006529958472222221,144,-0.0194,0.0635,-0.0126,0.0028000000000000004,0.0062,2001.4166666666667,0.06660458442679953,0.05834368324724242
2001,7,3,0.0005465969696969697,0.0003593001355682221,2.7246666666666668e-05,0.00011593385591999936,0.0001713129090909091,0.0002993715757575758,-0.00012805866666666665,0.00042743024242424243,33,-0.0213,-0.0405,0.0495,0.003,0.0548,2001.5,0.06089717719628875,0.049847809615540126
2001,8,3,0.0005465969696969697,0.0003593001355682221,2.7246666666666668e-05,0.00011593385591999936,0.0001713129090909091,0.0002993715757575758,-0.00012805866666666665,0.00042743024242424243,33,-0.064,0.0219,0.0286,0.0031,0.0546,2001.5833333333333,0.059133286190725824,0.049847809615540126
2001,9,3,0.0005465969696969697,0.0003593001355682221,2.7246666666666668e-05,0.00011593385591999936,0.0001713129090909091,0.0002993715757575758,-0.00012805866666666665,0.00042743024242424243,33,-0.0924,-0.0623,0.0152,0.0028000000000000004,0.11380000000000001,2001.6666666666667,0.060367909061391584,0.049847809615540126
2001,10,4,0.0005868096071428572,0.0006032626029563982,1.690714285714286e-05,6.245439313001205e-05,0.0001427090357142857,0.00028575696428571434,-0.00014304789285714286,0.0004288048571428572,28,0.0248,0.07490000000000001,-0.0731,0.0022,-0.0832,2001.75,0.059307058789171314,0.02881196860130819
2001,11,4,0.0005868096071428572,0.0006032626029563982,1.690714285714286e-05,6.245439313001205e-05,0.0001427090357142857,0.00028575696428571434,-0.00014304789285714286,0.0004288048571428572,28,0.0753,-0.005699999999999999,0.0217,0.0017000000000000001,-0.0861,2001.8333333333333,0.06354364427126231,0.02881196860130819
2001,12,4,0.0005868096071428572,0.0006032626029563982,1.690714285714286e-05,6.245439313001205e-05,0.0001427090357142857,0.00028575696428571434,-0.00014304789285714286,0.0004288048571428572,28,0.0161,0.0472,0.0083,0.0015,0.0002,2001.9166666666667,0.06119601083750674,0.02881196860130819
2002,1,1,0.0011172779764705883,0.0018291279328666826,3.564574117647059e-05,0.00011876829615846392,0.00016184469411764706,0.0003594510117647059,-0.0001976063294117647,0.0005570573411764707,85,-0.0144,0.011699999999999999,0.0342,0.0014000000000000002,0.0365,2002.0,0.05962477113862436,0.03190409077843294
2002,2,1,0.0011172779764705883,0.0018291279328666826,3.564574117647059e-05,0.00011876829615846392,0.00016184469411764706,0.0003594510117647059,-0.0001976063294117647,0.0005570573411764707,85,-0.023,-0.0108,0.023399999999999997,0.0013,0.0683,2002.0833333333333,0.0534466450175908,0.03190409077843294
2002,3,1,0.0011172779764705883,0.0018291279328666826,3.564574117647059e-05,0.00011876829615846392,0.00016184469411764706,0.0003594510117647059,-0.0001976063294117647,0.0005570573411764707,85,0.0424,0.0409,0.0108,0.0013,-0.0169,2002.1666666666667,0.0512288359848595,0.03190409077843294
2002,4,2,0.0012211508573351279,0.001904887915768833,4.579480753701211e-05,0.0002104794216290927,0.00014851453432032302,0.00040764834051144015,-0.0002591337456258412,0.0006667820861372814,743,-0.0521,0.0582,0.0401,0.0015,0.077,2002.25,0.04678655595555007,0.037501348430294325
2002,5,2,0.0012211508573351279,0.001904887915768833,4.579480753701211e-05,0.0002104794216290927,0.00014851453432032302,0.00040764834051144015,-0.0002591337456258412,0.0006667820861372814,743,-0.013600000000000001,-0.0327,0.0152,0.0014000000000000002,0.030899999999999997,2002.3333333333333,0.04648632252413802,0.037501348430294325
2002,6,2,0.0012211508573351279,0.001904887915768833,4.579480753701211e-05,0.0002104794216290927,0.00014851453432032302,0.00040764834051144015,-0.0002591337456258412,0.0006667820861372814,743,-0.0723,0.0408,0.0037,0.0013,0.062400000000000004,2002.4166666666667,0.04967169412220301,0.037501348430294325
2002,7,3,0.0010464100574282147,0.001692255828198354,3.3215254681647936e-05,0.00013505745418344205,9.38435617977528e-05,0.0003158479213483146,-0.00022200431710362047,0.0005378522384519351,801,-0.0819,-0.0525,-0.0351,0.0015,0.0363,2002.5,0.05319218087332579,0.03174209887572364
2002,8,3,0.0010464100574282147,0.001692255828198354,3.3215254681647936e-05,0.00013505745418344205,9.38435617977528e-05,0.0003158479213483146,-0.00022200431710362047,0.0005378522384519351,801,0.005,-0.027999999999999997,0.0301,0.0014000000000000002,0.0187,2002.5833333333333,0.05186467458393015,0.03174209887572364
2002,9,3,0.0010464100574282147,0.001692255828198354,3.3215254681647936e-05,0.00013505745418344205,9.38435617977528e-05,0.0003158479213483146,-0.00022200431710362047,0.0005378522384519351,801,-0.10339999999999999,0.0242,0.0126,0.0014000000000000002,0.09179999999999999,2002.6666666666667,0.05342107389751386,0.03174209887572364
2002,10,4,0.0010684793005235602,0.0018406384062099946,4.237984188481676e-05,0.0002045030514514261,0.0001214272942408377,0.00036383126073298425,-0.00024240392670157068,0.000606235187434555,955,0.0784,-0.034,-0.037599999999999995,0.0014000000000000002,-0.0558,2002.75,0.059118362911478976,0.0396636957755577
2002,11,4,0.0010684793005235602,0.0018406384062099946,4.237984188481676e-05,0.0002045030514514261,0.0001214272942408377,0.00036383126073298425,-0.00024240392670157068,0.000606235187434555,955,0.0596,0.0326,-0.0116,0.0012,-0.1643,2002.8333333333333,0.05715276710605347,0.0396636957755577
2002,12,4,0.0010684793005235602,0.0018406384062099946,4.237984188481676e-05,0.0002045030514514261,0.0001214272942408377,0.00036383126073298425,-0.00024240392670157068,0.000606235187434555,955,-0.0576,-0.0004,0.021099999999999997,0.0011,0.09720000000000001,2002.9166666666667,0.05766772310295238,0.0396636957755577
2003,1,1,0.001136101511627907,0.0019982871021550163,4.8301991279069765e-05,0.0001585509967937077,9.099344864341085e-05,0.0003867553343023256,-0.0002957617761627907,0.0006825171104651163,1032,-0.025699999999999997,0.0134,-0.0079,0.001,0.0159,2003.0,0.0576707661881414,0.04251555563754407
2003,2,1,0.001136101511627907,0.0019982871021550163,4.8301991279069765e-05,0.0001585509967937077,9.099344864341085e-05,0.0003867553343023256,-0.0002957617761627907,0.0006825171104651163,1032,-0.018799999999999997,-0.0044,-0.013600000000000001,0.0009,0.0121,2003.0833333333333,0.0576659660143107,0.04251555563754407
2003,3,1,0.001136101511627907,0.0019982871021550163,4.8301991279069765e-05,0.0001585509967937077,9.099344864341085e-05,0.0003867553343023256,-0.0002957617761627907,0.0006825171104651163,1032,0.0109,0.011699999999999999,-0.021099999999999997,0.001,0.013999999999999999,2003.1666666666667,0.05523286447561649,0.04251555563754407
2003,4,2,0.0010948499982030549,0.00182552950917285,4.886436118598383e-05,0.00017328604912249202,0.00010797514555256064,0.00034700529469901167,-0.0002390301293800539,0.0005860354240790655,1113,0.0818,0.0076,0.012199999999999999,0.001,-0.0935,2003.25,0.061864269807279534,0.044631097230738215
2003,5,2,0.0010948499982030549,0.00182552950917285,4.886436118598383e-05,0.00017328604912249202,0.00010797514555256064,0.00034700529469901167,-0.0002390301293800539,0.0005860354240790655,1113,0.0605,0.0461,0.006999999999999999,0.0009,-0.1075,2003.3333333333333,0.06523812965288062,0.044631097230738215
2003,6,2,0.0010948499982030549,0.00182552950917285,4.886436118598383e-05,0.00017328604912249202,0.00010797514555256064,0.00034700529469901167,-0.0002390301293800539,0.0005860354240790655,1113,0.014199999999999999,0.017,0.0014000000000000002,0.001,-0.0123,2003.4166666666667,0.06185204976883192,0.044631097230738215
2003,7,3,0.001158305574728261,0.0017795530932499812,4.367571195652174e-05,0.00018550756876376868,0.00010776979755434783,0.00037123368070652175,-0.0002634639599184783,0.000634697640625,1472,0.0233,0.0493,-0.015300000000000001,0.0007000000000000001,-0.003,2003.5,0.056078027350426225,0.03770655096442317
2003,8,3,0.001158305574728261,0.0017795530932499812,4.367571195652174e-05,0.00018550756876376868,0.00010776979755434783,0.00037123368070652175,-0.0002634639599184783,0.000634697640625,1472,0.0233,0.024399999999999998,0.016399999999999998,0.0007000000000000001,-0.0053,2003.5833333333333,0.05615819309339601,0.03770655096442317
2003,9,3,0.001158305574728261,0.0017795530932499812,4.367571195652174e-05,0.00018550756876376868,0.00010776979755434783,0.00037123368070652175,-0.0002634639599184783,0.000634697640625,1472,-0.0124,0.0085,0.0014000000000000002,0.0008,-0.0007000000000000001,2003.6666666666667,0.04394352694773214,0.03770655096442317
2003,10,4,0.0012561262693389591,0.002124419528105516,4.928537974683544e-05,0.00018632786905022351,0.0001214748776371308,0.00041819973839662446,-0.0002967248635724332,0.0007149246019690576,1422,0.0608,0.0259,0.022099999999999998,0.0007000000000000001,0.0401,2003.75,0.042063050617765795,0.03923600439402609
2003,11,4,0.0012561262693389591,0.002124419528105516,4.928537974683544e-05,0.00018632786905022351,0.0001214748776371308,0.00041819973839662446,-0.0002967248635724332,0.0007149246019690576,1422,0.013500000000000002,0.0206,0.0172,0.0007000000000000001,0.013600000000000001,2003.8333333333333,0.040005518558712816,0.03923600439402609
2003,12,4,0.0012561262693389591,0.002124419528105516,4.928537974683544e-05,0.00018632786905022351,0.0001214748776371308,0.00041819973839662446,-0.0002967248635724332,0.0007149246019690576,1422,0.0429,-0.0268,0.0151,0.0008,-0.0554,2003.9166666666667,0.03354057131657755,0.03923600439402609
2004,1,1,0.001210557177480916,0.001957962552805065,4.439561577608142e-05,0.00017566658390451227,0.0001280357627226463,0.0004073323905852417,-0.00027929645801526716,0.0006866288486005089,1572,0.0215,0.0254,0.0242,0.0007000000000000001,0.025699999999999997,2004.0,0.02989823522713289,0.03667370111430461
2004,2,1,0.001210557177480916,0.001957962552805065,4.439561577608142e-05,0.00017566658390451227,0.0001280357627226463,0.0004073323905852417,-0.00027929645801526716,0.0006866288486005089,1572,0.013999999999999999,-0.015700000000000002,0.0095,0.0006,-0.011699999999999999,2004.0833333333333,0.02667706284091602,0.03667370111430461
2004,3,1,0.001210557177480916,0.001957962552805065,4.439561577608142e-05,0.00017566658390451227,0.0001280357627226463,0.0004073323905852417,-0.00027929645801526716,0.0006866288486005089,1572,-0.0132,0.0173,0.0023,0.0009,0.0019,2004.1666666666667,0.029011685211098634,0.03667370111430461
2004,4,2,0.0011971530345294516,0.002008407330256774,4.3342289776574134e-05,0.0001832971858660538,0.00018024137305348682,0.00040300859444820583,-0.00022276715639810428,0.0006257757508463101,1477,-0.0181,-0.0173,-0.0323,0.0008,-0.053399999999999996,2004.25,0.026217601940588538,0.03620446585023568
2004,5,2,0.0011971530345294516,0.002008407330256774,4.3342289776574134e-05,0.0001832971858660538,0.00018024137305348682,0.00040300859444820583,-0.00022276715639810428,0.0006257757508463101,1477,0.0118,-0.0023,-0.0018,0.0006,0.0149,2004.3333333333333,0.022786771813860997,0.03620446585023568
2004,6,2,0.0011971530345294516,0.002008407330256774,4.3342289776574134e-05,0.0001832971858660538,0.00018024137305348682,0.00040300859444820583,-0.00022276715639810428,0.0006257757508463101,1477,0.018500000000000003,0.0225,0.0121,0.0008,0.0208,2004.4166666666667,0.02280456327274448,0.03620446585023568
2004,7,3,0.0011480256743341404,0.002044713301255019,4.511097276029056e-05,0.00020801287218414022,0.00012365483777239712,0.00038246053934624697,-0.00025880575242130747,0.0006412662917675545,1652,-0.0404,-0.037599999999999995,0.0322,0.001,-0.022400000000000003,2004.5,0.027708378559999552,0.0392943902208599
2004,8,3,0.0011480256743341404,0.002044713301255019,4.511097276029056e-05,0.00020801287218414022,0.00012365483777239712,0.00038246053934624697,-0.00025880575242130747,0.0006412662917675545,1652,0.0007000000000000001,-0.0152,0.0108,0.0011,-0.0155,2004.5833333333333,0.027503090735406455,0.0392943902208599
2004,9,3,0.0011480256743341404,0.002044713301255019,4.511097276029056e-05,0.00020801287218414022,0.00012365483777239712,0.00038246053934624697,-0.00025880575242130747,0.0006412662917675545,1652,0.016,0.0301,-0.0005,0.0011,0.0548,2004.6666666666667,0.026772113487845164,0.0392943902208599
2004,10,4,0.00122367315964802,0.0022769400939769134,4.9123702074167185e-05,0.00028981931659962,0.00016020140351979888,0.0004156275241986172,-0.0002554261835323696,0.0006710537077309868,1591,0.014199999999999999,0.0013,-0.0026,0.0011,-0.0143,2004.75,0.021747260363855807,0.04014445987672986
2004,11,4,0.00122367315964802,0.0022769400939769134,4.9123702074167185e-05,0.00028981931659962,0.00016020140351979888,0.0004156275241986172,-0.0002554261835323696,0.0006710537077309868,1591,0.0453,0.0374,0.015700000000000002,0.0015,0.0308,2004.8333333333333,0.024414091807558175,0.04014445987672986
2004,12,4,0.00122367315964802,0.0022769400939769134,4.9123702074167185e-05,0.00028981931659962,0.00016020140351979888,0.0004156275241986172,-0.0002554261835323696,0.0006710537077309868,1591,0.0342,-0.0003,-0.0023,0.0016,-0.0285,2004.9166666666667,0.02343965010339739,0.04014445987672986
2005,1,1,0.0012401609347079037,0.0021395130609708694,4.279786139747995e-05,0.00018433091626995048,0.00017334546449026346,0.00041413842726231384,-0.00024079295819014892,0.0006549313854524628,1746,-0.0275,-0.0166,0.0206,0.0016,0.0296,2005.0,0.025209887129674133,0.03450992266303558
2005,2,1,0.0012401609347079037,0.0021395130609708694,4.279786139747995e-05,0.00018433091626995048,0.00017334546449026346,0.00041413842726231384,-0.00024079295819014892,0.0006549313854524628,1746,0.018799999999999997,-0.005699999999999999,0.0141,0.0016,0.034300000000000004,2005.0833333333333,0.02540945153427613,0.03450992266303558
2005,3,1,0.0012401609347079037,0.0021395130609708694,4.279786139747995e-05,0.00018433091626995048,0.00017334546449026346,0.00041413842726231384,-0.00024079295819014892,0.0006549313854524628,1746,-0.0194,-0.0141,0.0207,0.0021,0.0043,2005.1666666666667,0.025872535748561763,0.03450992266303558
2005,4,2,0.0013727352290669858,0.0025847048145886025,4.357593241626794e-05,0.00018528551576919015,0.00019670340610047847,0.0004471321339712919,-0.0002504286943779904,0.0006975608283492822,1672,-0.026099999999999998,-0.0393,0.0005,0.0021,-0.0068000000000000005,2005.25,0.026600870058680188,0.03174387042685455
2005,5,2,0.0013727352290669858,0.0025847048145886025,4.357593241626794e-05,0.00018528551576919015,0.00019670340610047847,0.0004471321339712919,-0.0002504286943779904,0.0006975608283492822,1672,0.0365,0.0286,-0.0058,0.0024,0.0037,2005.3333333333333,0.028181328441492483,0.03174387042685455
2005,6,2,0.0013727352290669858,0.0025847048145886025,4.357593241626794e-05,0.00018528551576919015,0.00019670340610047847,0.0004471321339712919,-0.0002504286943779904,0.0006975608283492822,1672,0.0058,0.0256,0.027999999999999997,0.0023,0.0207,2005.4166666666667,0.027902214259912437,0.03174387042685455
2005,7,3,0.0014235885432525952,0.002537862437661071,4.958387543252595e-05,0.00019451313963377573,0.0002272615738177624,0.0004880037422145329,-0.0002607421972318339,0.0007487459394463668,1734,0.0392,0.0287,-0.0078000000000000005,0.0024,0.0003,2005.5,0.02552991560716743,0.03483019878497865
2005,8,3,0.0014235885432525952,0.002537862437661071,4.958387543252595e-05,0.00019451313963377573,0.0002272615738177624,0.0004880037422145329,-0.0002607421972318339,0.0007487459394463668,1734,-0.012,-0.010700000000000001,0.0134,0.003,0.0207,2005.5833333333333,0.02626971409794707,0.03483019878497865
2005,9,3,0.0014235885432525952,0.002537862437661071,4.958387543252595e-05,0.00019451313963377573,0.0002272615738177624,0.0004880037422145329,-0.0002607421972318339,0.0007487459394463668,1734,0.0048,-0.0062,0.0078000000000000005,0.0029,0.0346,2005.6666666666667,0.026252266857388056,0.03483019878497865
2005,10,4,0.001400150173178458,0.00247835561576535,5.209915945089757e-05,0.00020557145177609683,0.00016341635269271382,0.00045563057180570223,-0.00029221420327349526,0.0007478447750791976,1894,-0.0204,-0.013000000000000001,0.0043,0.0027,-0.011899999999999999,2005.75,0.02755490386977838,0.03720969130879654
2005,11,4,0.001400150173178458,0.00247835561576535,5.209915945089757e-05,0.00020557145177609683,0.00016341635269271382,0.00045563057180570223,-0.00029221420327349526,0.0007478447750791976,1894,0.0361,0.0105,-0.011899999999999999,0.0031,0.0034000000000000002,2005.8333333333333,0.026487572843722686,0.03720969130879654
2005,12,4,0.001400150173178458,0.00247835561576535,5.209915945089757e-05,0.00020557145177609683,0.00016341635269271382,0.00045563057180570223,-0.00029221420327349526,0.0007478447750791976,1894,-0.0024,-0.0044,0.0015,0.0032,0.0078000000000000005,2005.9166666666667,0.024989082464633286,0.03720969130879654
2006,1,1,0.0013836276752180604,0.0023571209414373824,4.440526167265265e-05,0.00018224977199539922,0.00022827810312981016,0.0004802210441251924,-0.00025194295844022574,0.0007321640025654181,1949,0.030299999999999997,0.0546,0.009899999999999999,0.0034999999999999996,0.0252,2006.0,0.02417865324469651,0.03209335810395564
2006,2,1,0.0013836276752180604,0.0023571209414373824,4.440526167265265e-05,0.00018224977199539922,0.00022827810312981016,0.0004802210441251924,-0.00025194295844022574,0.0007321640025654181,1949,-0.003,-0.0040999999999999995,-0.0031,0.0034000000000000002,-0.0178,2006.0833333333333,0.024079407774857738,0.03209335810395564
2006,3,1,0.0013836276752180604,0.0023571209414373824,4.440526167265265e-05,0.00018224977199539922,0.00022827810312981016,0.0004802210441251924,-0.00025194295844022574,0.0007321640025654181,1949,0.0147,0.0339,0.0060999999999999995,0.0037,0.0126,2006.1666666666667,0.022816267123579745,0.03209335810395564
2006,4,2,0.0015039423756071236,0.002470441697069931,4.9982747436589316e-05,0.00023087258546419746,0.00028860713869400975,0.0005347514150026983,-0.0002461442207231516,0.00078089563572585,1853,0.0073,-0.0138,0.0226,0.0036,0.006,2006.25,0.020066637093504848,0.03323448087096009
2006,5,2,0.0015039423756071236,0.002470441697069931,4.9982747436589316e-05,0.00023087258546419746,0.00028860713869400975,0.0005347514150026983,-0.0002461442207231516,0.00078089563572585,1853,-0.0356,-0.0301,0.023799999999999998,0.0043,-0.0366,2006.3333333333333,0.022515368488697195,0.03323448087096009
2006,6,2,0.0015039423756071236,0.002470441697069931,4.9982747436589316e-05,0.00023087258546419746,0.00028860713869400975,0.0005347514150026983,-0.0002461442207231516,0.00078089563572585,1853,-0.0034999999999999996,-0.0034999999999999996,0.0085,0.004,0.0155,2006.4166666666667,0.022659941627141383,0.03323448087096009
2006,7,3,0.0014202440096251266,0.002331255529293608,5.0862901215805475e-05,0.0002232680068336068,0.0002121640770010132,0.000484527984295846,-0.00027236392249240123,0.0007568919067882472,1974,-0.0077,-0.0395,0.0262,0.004,-0.0204,2006.5,0.02004852446773412,0.035812788006725646
2006,8,3,0.0014202440096251266,0.002331255529293608,5.0862901215805475e-05,0.0002232680068336068,0.0002121640770010132,0.000484527984295846,-0.00027236392249240123,0.0007568919067882472,1974,0.0203,0.009899999999999999,-0.0195,0.0042,-0.0336,2006.5833333333333,0.02035196922941738,0.035812788006725646
2006,9,3,0.0014202440096251266,0.002331255529293608,5.0862901215805475e-05,0.0002232680068336068,0.0002121640770010132,0.000484527984295846,-0.00027236392249240123,0.0007568919067882472,1974,0.0184,-0.013000000000000001,0.0006,0.0040999999999999995,-0.0098,2006.6666666666667,0.02081002635677565,0.035812788006725646
2006,10,4,0.0015086043953974897,0.002762293528871545,5.2761818514644353e-05,0.00021860784480887046,0.0002600104539748954,0.0005361516950836819,-0.00027614123744769875,0.0008122929325313807,1912,0.0322,0.0177,-0.0033,0.0040999999999999995,-0.0025,2006.75,0.020617650205588423,0.034973923699426986
2006,11,4,0.0015086043953974897,0.002762293528871545,5.2761818514644353e-05,0.00021860784480887046,0.0002600104539748954,0.0005361516950836819,-0.00027614123744769875,0.0008122929325313807,1912,0.017,0.0063,0.0004,0.0042,-0.0104,2006.8333333333333,0.01900307790061836,0.034973923699426986
2006,12,4,0.0015086043953974897,0.002762293528871545,5.2761818514644353e-05,0.00021860784480887046,0.0002600104539748954,0.0005361516950836819,-0.00027614123744769875,0.0008122929325313807,1912,0.0085,-0.0116,0.0274,0.004,0.0079,2006.9166666666667,0.0187544156416724,0.034973923699426986
2007,1,1,0.0015457143953147877,0.002837711360901381,6.0166438750610055e-05,0.00023662086901005233,0.00027201688726207905,0.0005627196227428013,-0.00029070271644704736,0.0008534223391898487,2047,0.0138,0.0009,-0.0068000000000000005,0.0044,0.0017000000000000001,2007.0,0.017556782337905953,0.03892467783214845
2007,2,1,0.0015457143953147877,0.002837711360901381,6.0166438750610055e-05,0.00023662086901005233,0.00027201688726207905,0.0005627196227428013,-0.00029070271644704736,0.0008534223391898487,2047,-0.0196,0.0123,-0.0008,0.0038,-0.0129,2007.0833333333333,0.018999561398446378,0.03892467783214845
2007,3,1,0.0015457143953147877,0.002837711360901381,6.0166438750610055e-05,0.00023662086901005233,0.00027201688726207905,0.0005627196227428013,-0.00029070271644704736,0.0008534223391898487,2047,0.0070999999999999995,0.0009,-0.0088,0.0043,0.0258,2007.1666666666667,0.018789915090039907,0.03892467783214845
2007,4,2,0.0016533988308251168,0.0028169352627875595,5.973058069538142e-05,0.0002318758177093118,0.00029688114167099116,0.0005915655703165542,-0.00029468442501297357,0.0008862499953295278,1926,0.0349,-0.022099999999999998,-0.0144,0.0044,-0.0016,2007.25,0.020708342631544776,0.03612593402704894
2007,5,2,0.0016533988308251168,0.0028169352627875595,5.973058069538142e-05,0.0002318758177093118,0.00029688114167099116,0.0005915655703165542,-0.00029468442501297357,0.0008862499953295278,1926,0.0323,0.0016,-0.0059,0.0040999999999999995,-0.0033,2007.3333333333333,0.016889881765737923,0.03612593402704894
2007,6,2,0.0016533988308251168,0.0028169352627875595,5.973058069538142e-05,0.0002318758177093118,0.00029688114167099116,0.0005915655703165542,-0.00029468442501297357,0.0008862499953295278,1926,-0.0196,0.0073,-0.0105,0.004,0.0052,2007.4166666666667,0.018831034989821433,0.03612593402704894
2007,7,3,0.0017009645309818877,0.0030344468953964966,6.838320924690181e-05,0.0002876153681623632,0.0003365426634890372,0.0006520838055290753,-0.00031554114108674924,0.0009676249466158246,2097,-0.037200000000000004,-0.026600000000000002,-0.0368,0.004,0.028399999999999998,2007.5,0.023020246358895526,0.040202605040310195
2007,8,3,0.0017009645309818877,0.0030344468953964966,6.838320924690181e-05,0.0002876153681623632,0.0003365426634890372,0.0006520838055290753,-0.00031554114108674924,0.0009676249466158246,2097,0.009399999999999999,-0.0011,-0.0187,0.0042,-0.0003,2007.5833333333333,0.022747627248892264,0.040202605040310195
2007,9,3,0.0017009645309818877,0.0030344468953964966,6.838320924690181e-05,0.0002876153681623632,0.0003365426634890372,0.0006520838055290753,-0.00031554114108674924,0.0009676249466158246,2097,0.0322,-0.0225,-0.0217,0.0032,0.0443,2007.6666666666667,0.02364673723409177,0.040202605040310195
2007,10,4,0.0016833927918781725,0.0030487802943132427,6.281755006922012e-05,0.00023132498308717857,0.0002998991130595293,0.0006116675366866635,-0.0003117684079372404,0.0009234359446239038,2167,0.0179,0.0019,-0.0287,0.0032,0.050300000000000004,2007.75,0.022727494695885763,0.03731603618637962
2007,11,4,0.0016833927918781725,0.0030487802943132427,6.281755006922012e-05,0.00023132498308717857,0.0002998991130595293,0.0006116675366866635,-0.0003117684079372404,0.0009234359446239038,2167,-0.048,-0.0281,-0.0109,0.0034000000000000002,0.011200000000000002,2007.8333333333333,0.02762151527452117,0.03731603618637962
2007,12,4,0.0016833927918781725,0.0030487802943132427,6.281755006922012e-05,0.00023132498308717857,0.0002998991130595293,0.0006116675366866635,-0.0003117684079372404,0.0009234359446239038,2167,-0.0087,0.0011,-0.0051,0.0027,0.06559999999999999,2007.9166666666667,0.027735912340021082,0.03731603618637962
2008,1,1,0.0018337918163440863,0.0032912839347219564,6.916540989247312e-05,0.0002647386746403122,0.00032633244387096774,0.0006946525346236559,-0.00036832011440860216,0.0010629726490322582,2325,-0.0633,-0.0102,0.04,0.0021,-0.0774,2008.0,0.03298690741197272,0.037717152789267266
2008,2,1,0.0018337918163440863,0.0032912839347219564,6.916540989247312e-05,0.0002647386746403122,0.00032633244387096774,0.0006946525346236559,-0.00036832011440860216,0.0010629726490322582,2325,-0.030899999999999997,-0.0048,-0.0072,0.0013,0.0613,2008.0833333333333,0.033590595500237956,0.037717152789267266
2008,3,1,0.0018337918163440863,0.0032912839347219564,6.916540989247312e-05,0.0002647386746403122,0.00032633244387096774,0.0006946525346236559,-0.00036832011440860216,0.0010629726490322582,2325,-0.009399999999999999,0.0070999999999999995,0.0031,0.0017000000000000001,0.0425,2008.1666666666667,0.03333527570098388,0.037717152789267266
2008,4,2,0.0019239635020352783,0.003298623792216344,6.922117593848937e-05,0.0002859595922411728,0.00039253863862505654,0.0007391919222071461,-0.0003466532957937585,0.0010858452180009047,2211,0.0461,-0.0169,-0.0096,0.0018,-0.0033,2008.25,0.03475778526263773,0.03597842280657663
2008,5,2,0.0019239635020352783,0.003298623792216344,6.922117593848937e-05,0.0002859595922411728,0.00039253863862505654,0.0007391919222071461,-0.0003466532957937585,0.0010858452180009047,2211,0.0187,0.0297,-0.015,0.0018,0.0339,2008.3333333333333,0.03357570369758286,0.03597842280657663
2008,6,2,0.0019239635020352783,0.003298623792216344,6.922117593848937e-05,0.0002859595922411728,0.00039253863862505654,0.0007391919222071461,-0.0003466532957937585,0.0010858452180009047,2211,-0.0843,0.0115,-0.025099999999999997,0.0017000000000000001,0.12710000000000002,2008.4166666666667,0.04019656532138491,0.03597842280657663
2008,7,3,0.0019367963340056473,0.003358592487296417,7.822157966922146e-05,0.0002699182426483085,0.0003851034675272287,0.0007525023013311818,-0.000367398836224284,0.001119901137555466,2478,-0.0075,0.026000000000000002,0.052000000000000005,0.0015,-0.050199999999999995,2008.5,0.03948754694376905,0.04038709401557757
2008,8,3,0.0019367963340056473,0.003358592487296417,7.822157966922146e-05,0.0002699182426483085,0.0003851034675272287,0.0007525023013311818,-0.000367398836224284,0.001119901137555466,2478,0.015300000000000001,0.034,0.0152,0.0013,-0.044800000000000006,2008.5833333333333,0.03979541906787613,0.04038709401557757
2008,9,3,0.0019367963340056473,0.003358592487296417,7.822157966922146e-05,0.0002699182426483085,0.0003851034675272287,0.0007525023013311818,-0.000367398836224284,0.001119901137555466,2478,-0.0935,-0.010700000000000001,0.056600000000000004,0.0015,0.0086,2008.6666666666667,0.04395796201193163,0.04038709401557757
2008,10,4,0.0017972764005281692,0.0033914129263125916,7.650718045774649e-05,0.00028873650140839706,0.0003267692662852113,0.0007329772900528169,-0.00040620801716549296,0.0011391853072183098,2270,-0.172,-0.0231,-0.0189,0.0008,0.0787,2008.75,0.06005846330994088,0.04256839748100149
2008,11,4,0.0017972764005281692,0.0033914129263125916,7.650718045774649e-05,0.00028873650140839706,0.0003267692662852113,0.0007329772900528169,-0.00040620801716549296,0.0011391853072183098,2270,-0.0774,-0.0301,-0.0621,0.0003,0.0728,2008.8333333333333,0.061161625793441504,0.04256839748100149
2008,12,4,0.0017972764005281692,0.0033914129263125916,7.650718045774649e-05,0.00028873650140839706,0.0003267692662852113,0.0007329772900528169,-0.00040620801716549296,0.0011391853072183098,2270,0.0177,0.0352,0.0005,0.0,-0.0509,2008.9166666666667,0.06279987635096879,0.04256839748100149
2009,1,1,0.0018913022129891084,0.0034091381930706076,6.754106857603872e-05,0.00023883728336932122,0.0003788169407018959,0.0007829488757563534,-0.00040413191770875356,0.001187080793465107,2479,-0.0809,0.0004,-0.11019999999999999,0.0,-0.0236,2009.0,0.06367677077524923,0.035711408013504434
2009,2,1,0.0018913022129891084,0.0034091381930706076,6.754106857603872e-05,0.00023883728336932122,0.0003788169407018959,0.0007829488757563534,-0.00040413191770875356,0.001187080793465107,2479,-0.1014,0.0014000000000000002,-0.066,0.0001,0.0436,2009.0833333333333,0.06614881982043491,0.035711408013504434
2009,3,1,0.0018913022129891084,0.0034091381930706076,6.754106857603872e-05,0.00023883728336932122,0.0003788169407018959,0.0007829488757563534,-0.00040413191770875356,0.001187080793465107,2479,0.0901,-0.001,0.0348,0.0002,-0.1183,2009.1666666666667,0.07633830753278262,0.035711408013504434
2009,4,2,0.00210429351481149,0.0038997694628882537,8.241685457809695e-05,0.00029167563646029254,0.0003907669712746858,0.0008453789281867146,-0.00045461195017953325,0.0012999908783662478,2227,0.1017,0.054000000000000006,0.0538,0.0001,-0.34340000000000004,2009.25,0.08314243118670732,0.03916604317857046
2009,5,2,0.00210429351481149,0.0038997694628882537,8.241685457809695e-05,0.00029167563646029254,0.0003907669712746858,0.0008453789281867146,-0.00045461195017953325,0.0012999908783662478,2227,0.0521,-0.0241,0.0040999999999999995,0.0,-0.1253,2009.3333333333333,0.08548801572930169,0.03916604317857046
2009,6,2,0.00210429351481149,0.0038997694628882537,8.241685457809695e-05,0.00029167563646029254,0.0003907669712746858,0.0008453789281867146,-0.00045461195017953325,0.0012999908783662478,2227,0.0042,0.0258,-0.0276,0.0001,0.0545,2009.4166666666667,0.08402659030799642,0.03916604317857046
2009,7,3,0.002019916656665238,0.003632140140852253,7.238512130304329e-05,0.00026224415348567775,0.00037714056322331763,0.0007983606283754822,-0.00042122006515216457,0.0012195806935276468,2332,0.0774,0.0175,0.0489,0.0001,-0.0554,2009.5,0.0887074503208397,0.03583569524050427
2009,8,3,0.002019916656665238,0.003632140140852253,7.238512130304329e-05,0.00026224415348567775,0.00037714056322331763,0.0007983606283754822,-0.00042122006515216457,0.0012195806935276468,2332,0.0333,-0.011200000000000002,0.076,0.0001,-0.091,2009.5833333333333,0.08939545909083194,0.03583569524050427
2009,9,3,0.002019916656665238,0.003632140140852253,7.238512130304329e-05,0.00026224415348567775,0.00037714056322331763,0.0007983606283754822,-0.00042122006515216457,0.0012195806935276468,2332,0.0408,0.024300000000000002,0.0115,0.0001,-0.0487,2009.6666666666667,0.08668374074237284,0.03583569524050427
2009,10,4,0.002061058756953944,0.003683304916048671,7.931970770633836e-05,0.00033661587757553255,0.0004075127870497036,0.0008095790939352485,-0.00040206633150934794,0.0012116454254445966,2193,-0.0253,-0.0426,-0.0417,0.0,0.024900000000000002,2009.75,0.06893313130062416,0.038484930907584855
2009,11,4,0.002061058756953944,0.003683304916048671,7.931970770633836e-05,0.00033661587757553255,0.0004075127870497036,0.0008095790939352485,-0.00040206633150934794,0.0012116454254445966,2193,0.056299999999999996,-0.025,-0.0033,0.0,0.0039000000000000003,2009.8333333333333,0.0639678517742003,0.038484930907584855
2009,12,4,0.002061058756953944,0.003683304916048671,7.931970770633836e-05,0.00033661587757553255,0.0004075127870497036,0.0008095790939352485,-0.00040206633150934794,0.0012116454254445966,2193,0.027999999999999997,0.0601,-0.0011,0.0001,0.03,2009.9166666666667,0.06397157216650648,0.038484930907584855
2010,1,1,0.0020080645215638853,0.0036733131166278286,7.776559814590891e-05,0.0002803194640299999,0.00040753252599758165,0.0008096947492946392,-0.00040216224828698105,0.0012118569975816203,2480,-0.0335,0.0043,0.0033,0.0,-0.0533,2010.0,0.05817170704045052,0.03872664122001457
2010,2,1,0.0020080645215638853,0.0036733131166278286,7.776559814590891e-05,0.0002803194640299999,0.00040753252599758165,0.0008096947492946392,-0.00040216224828698105,0.0012118569975816203,2480,0.0339,0.0118,0.0318,0.0,0.0369,2010.0833333333333,0.041850089605638845,0.03872664122001457
2010,3,1,0.0020080645215638853,0.0036733131166278286,7.776559814590891e-05,0.0002803194640299999,0.00040753252599758165,0.0008096947492946392,-0.00040216224828698105,0.0012118569975816203,2480,0.063,0.0146,0.0219,0.0001,0.035699999999999996,2010.1666666666667,0.03946076206086551,0.03872664122001457
2010,4,2,0.002070337428183054,0.0036212484539737667,8.43762125056638e-05,0.00032032330031199073,0.0003899001952877209,0.0007862933824195741,-0.0003963931826008156,0.0011826865650203897,2206,0.0199,0.0484,0.0296,0.0001,0.0316,2010.25,0.03372673945915103,0.04075480995589791
2010,5,2,0.002070337428183054,0.0036212484539737667,8.43762125056638e-05,0.00032032330031199073,0.0003899001952877209,0.0007862933824195741,-0.0003963931826008156,0.0011826865650203897,2206,-0.079,0.0013,-0.0248,0.0001,-0.002,2010.3333333333333,0.0449812385132048,0.04075480995589791
2010,6,2,0.002070337428183054,0.0036212484539737667,8.43762125056638e-05,0.00032032330031199073,0.0003899001952877209,0.0007862933824195741,-0.0003963931826008156,0.0011826865650203897,2206,-0.0556,-0.0179,-0.0473,0.0001,-0.027000000000000003,2010.4166666666667,0.049740094186651575,0.04075480995589791
2010,7,3,0.002120908720152413,0.0037262007143597,9.358462701100763e-05,0.0003306784054996833,0.00040196756943268415,0.0008075302861981371,-0.0004055627320067739,0.001213093018204911,2360,0.0692,0.0022,-0.005,0.0001,0.0178,2010.5,0.04882687101723122,0.044124776191124725
2010,8,3,0.002120908720152413,0.0037262007143597,9.358462701100763e-05,0.0003306784054996833,0.00040196756943268415,0.0008075302861981371,-0.0004055627320067739,0.001213093018204911,2360,-0.0478,-0.0301,-0.0173,0.0001,0.0004,2010.5833333333333,0.0512512194976861,0.044124776191124725
2010,9,3,0.002120908720152413,0.0037262007143597,9.358462701100763e-05,0.0003306784054996833,0.00040196756943268415,0.0008075302861981371,-0.0004055627320067739,0.001213093018204911,2360,0.0955,0.0382,-0.0302,0.0001,0.0138,2010.6666666666667,0.05677913882809959,0.044124776191124725
2010,10,4,0.002124288105773672,0.00369031877271203,8.105734919168591e-05,0.00030688284890514883,0.0005007774734411086,0.0008599429893764433,-0.00035916552794457276,0.001219108517321016,2164,0.0387,0.0108,-0.0246,0.0001,0.0146,2010.75,0.056124679927547896,0.03815741619775391
2010,11,4,0.002124288105773672,0.00369031877271203,8.105734919168591e-05,0.00030688284890514883,0.0005007774734411086,0.0008599429893764433,-0.00035916552794457276,0.001219108517321016,2164,0.0059,0.036699999999999997,-0.009000000000000001,0.0001,0.0273,2010.8333333333333,0.0546787782222572,0.03815741619775391
2010,12,4,0.002124288105773672,0.00369031877271203,8.105734919168591e-05,0.00030688284890514883,0.0005007774734411086,0.0008599429893764433,-0.00035916552794457276,0.001219108517321016,2164,0.0682,0.0072,0.0356,0.0001,-0.03,2010.9166666666667,0.0569641726850919,0.03815741619775391
2011,1,1,0.0020074247112922003,0.003479349830051608,7.788103570042685e-05,0.0003191950626682056,0.00042441346798603025,0.0007670076010865347,-0.0003425941509507179,0.0011096017520372526,2576,0.019799999999999998,-0.0229,0.0060999999999999995,0.0001,-0.003,2011.0,0.054890261734968374,0.0387964895433837
2011,2,1,0.0020074247112922003,0.003479349830051608,7.788103570042685e-05,0.0003191950626682056,0.00042441346798603025,0.0007670076010865347,-0.0003425941509507179,0.0011096017520372526,2576,0.0348,0.015,0.0118,0.0001,0.018799999999999997,2011.0833333333333,0.0549126220518203,0.0387964895433837
2011,3,1,0.0020074247112922003,0.003479349830051608,7.788103570042685e-05,0.0003191950626682056,0.00042441346798603025,0.0007670076010865347,-0.0003425941509507179,0.0011096017520372526,2576,0.0045000000000000005,0.024900000000000002,-0.0184,0.0001,0.0345,2011.1666666666667,0.0532603119905745,0.0387964895433837
2011,4,2,0.002092935008165019,0.0037331679508220213,8.900002277610658e-05,0.0003570526032653207,0.0003977147950150408,0.0008130996854318866,-0.0004153848951439622,0.0012284845805758489,2325,0.028999999999999998,-0.0042,-0.024399999999999998,0.0,0.0005,2011.25,0.053408636232751945,0.04252402400289293
2011,5,2,0.002092935008165019,0.0037331679508220213,8.900002277610658e-05,0.0003570526032653207,0.0003977147950150408,0.0008130996854318866,-0.0004153848951439622,0.0012284845805758489,2325,-0.0127,-0.0073,-0.018500000000000003,0.0,-0.006,2011.3333333333333,0.04563384824952424,0.04252402400289293
2011,6,2,0.002092935008165019,0.0037331679508220213,8.900002277610658e-05,0.0003570526032653207,0.0003977147950150408,0.0008130996854318866,-0.0004153848951439622,0.0012284845805758489,2325,-0.0174,-0.0027,-0.002,0.0,0.0182,2011.4166666666667,0.04090814822146184,0.04252402400289293
2011,7,3,0.002056079146098726,0.0036409863836804595,7.34710951433121e-05,0.0002894514944595796,0.00038437844944267513,0.0007651470059713377,-0.00038076854299363055,0.0011459155489649683,2510,-0.0235,-0.011699999999999999,-0.0091,0.0,0.002,2011.5,0.04034026862487746,0.03573359114572973
2011,8,3,0.002056079146098726,0.0036409863836804595,7.34710951433121e-05,0.0002894514944595796,0.00038437844944267513,0.0007651470059713377,-0.00038076854299363055,0.0011459155489649683,2510,-0.0596,-0.0296,-0.024300000000000002,0.0001,-0.0027,2011.5833333333333,0.042146850056640886,0.03573359114572973
2011,9,3,0.002056079146098726,0.0036409863836804595,7.34710951433121e-05,0.0002894514944595796,0.00038437844944267513,0.0007651470059713377,-0.00038076854299363055,0.0011459155489649683,2510,-0.0758,-0.031200000000000002,-0.015300000000000001,0.0,-0.024,2011.6666666666667,0.04150615416216411,0.03573359114572973
2011,10,4,0.00194332427589208,0.0034444812006356783,7.899427719756309e-05,0.00030827588464387096,0.0003273456583986075,0.0007231697532637076,-0.0003958240874673629,0.0011189938407310705,2297,0.1133,0.0305,0.0006,0.0,-0.013999999999999999,2011.75,0.051942143658870954,0.040649043555222676
2011,11,4,0.00194332427589208,0.0034444812006356783,7.899427719756309e-05,0.00030827588464387096,0.0003273456583986075,0.0007231697532637076,-0.0003958240874673629,0.0011189938407310705,2297,-0.0027,-0.0018,-0.0052,0.0,0.0388,2011.8333333333333,0.0520211051284753,0.040649043555222676
2011,12,4,0.00194332427589208,0.0034444812006356783,7.899427719756309e-05,0.00030827588464387096,0.0003273456583986075,0.0007231697532637076,-0.0003958240874673629,0.0011189938407310705,2297,0.0075,-0.005600000000000001,0.0154,0.0,0.0183,2011.9166666666667,0.048292862889464376,0.040649043555222676
2012,1,1,0.001926152391044776,0.0034020837942824716,7.091571791044776e-05,0.0002872916831284885,0.0003197748690298508,0.0007074897723880597,-0.0003877149317164179,0.0010952047041044776,2680,0.050499999999999996,0.020099999999999996,-0.009300000000000001,0.0,-0.0801,2012.0,0.050132432948474914,0.036817291590439935
2012,2,1,0.001926152391044776,0.0034020837942824716,7.091571791044776e-05,0.0002872916831284885,0.0003197748690298508,0.0007074897723880597,-0.0003877149317164179,0.0010952047041044776,2680,0.044199999999999996,-0.0184,0.0042,0.0,-0.0026,2012.0833333333333,0.05072749164990231,0.036817291590439935
2012,3,1,0.001926152391044776,0.0034020837942824716,7.091571791044776e-05,0.0002872916831284885,0.0003197748690298508,0.0007074897723880597,-0.0003877149317164179,0.0010952047041044776,2680,0.031200000000000002,-0.0063,0.011899999999999999,0.0,0.0131,2012.1666666666667,0.05129669491391145,0.036817291590439935
2012,4,2,0.0019840992113511224,0.0032803037500120508,7.576118678526049e-05,0.00030326505830164676,0.0003467597052096569,0.0007465128598051673,-0.0003997531401948327,0.001146266,2361,-0.0085,-0.0037,-0.0077,0.0,0.037200000000000004,2012.25,0.05097586104315364,0.03818417069741786
2012,5,2,0.0019840992113511224,0.0032803037500120508,7.576118678526049e-05,0.00030326505830164676,0.0003467597052096569,0.0007465128598051673,-0.0003997531401948327,0.001146266,2361,-0.0617,0.0012,-0.0095,0.0001,0.0644,2012.3333333333333,0.05427973769504071,0.03818417069741786
2012,6,2,0.0019840992113511224,0.0032803037500120508,7.576118678526049e-05,0.00030326505830164676,0.0003467597052096569,0.0007465128598051673,-0.0003997531401948327,0.001146266,2361,0.038900000000000004,0.0072,0.0055000000000000005,0.0,-0.011000000000000001,2012.4166666666667,0.05508584760227082,0.03818417069741786
2012,7,3,0.0017961132744167656,0.003041758803338794,6.873483511269277e-05,0.0002647177387855149,0.0002787019474100435,0.000652256904310004,-0.0003735549766706208,0.0010258118809806248,2528,0.0079,-0.0276,-0.0006,0.0,0.03,2012.5,0.054376967049059886,0.0382686505716892
2012,8,3,0.0017961132744167656,0.003041758803338794,6.873483511269277e-05,0.0002647177387855149,0.0002787019474100435,0.000652256904310004,-0.0003735549766706208,0.0010258118809806248,2528,0.0254,0.005,0.0123,0.0001,-0.0235,2012.5833333333333,0.050280410668268175,0.0382686505716892
2012,9,3,0.0017961132744167656,0.003041758803338794,6.873483511269277e-05,0.0002647177387855149,0.0002787019474100435,0.000652256904310004,-0.0003735549766706208,0.0010258118809806248,2528,0.0273,0.0045000000000000005,0.016200000000000003,0.0001,-0.0113,2012.6666666666667,0.041558898511083575,0.0382686505716892
2012,10,4,0.0017830427991573034,0.0031607483497686426,6.920541713483146e-05,0.00027492543765028307,0.00029369786844569284,0.0006610331858614233,-0.00036733527621722844,0.0010283684620786518,2134,-0.0176,-0.0109,0.0352,0.0001,0.0005,2012.75,0.03163143813973494,0.03881309707553258
2012,11,4,0.0017830427991573034,0.0031607483497686426,6.920541713483146e-05,0.00027492543765028307,0.00029369786844569284,0.0006610331858614233,-0.00036733527621722844,0.0010283684620786518,2134,0.0078000000000000005,0.006,-0.0086,0.0001,0.0053,2012.8333333333333,0.03133570308575805,0.03881309707553258
2012,12,4,0.0017830427991573034,0.0031607483497686426,6.920541713483146e-05,0.00027492543765028307,0.00029369786844569284,0.0006610331858614233,-0.00036733527621722844,0.0010283684620786518,2134,0.0118,0.015,0.0348,0.0001,-0.029300000000000003,2012.9166666666667,0.0312948732368273,0.03881309707553258
2013,1,1,0.0017469279588801401,0.0028759177456027045,6.7092364391951e-05,0.00028279860001155624,0.00027622764348206476,0.0006397318363954507,-0.00036350418197725283,0.0010032360183727035,2285,0.0557,0.0029,0.0101,0.0,-0.0182,2013.0,0.031890161872314526,0.03840591148038473
2013,2,1,0.0017469279588801401,0.0028759177456027045,6.7092364391951e-05,0.00028279860001155624,0.00027622764348206476,0.0006397318363954507,-0.00036350418197725283,0.0010032360183727035,2285,0.0128,-0.003,0.0021,0.0,0.0123,2013.0833333333333,0.03039846985782292,0.03840591148038473
2013,3,1,0.0017469279588801401,0.0028759177456027045,6.7092364391951e-05,0.00028279860001155624,0.00027622764348206476,0.0006397318363954507,-0.00036350418197725283,0.0010032360183727035,2285,0.0404,0.0083,-0.0022,0.0,0.0192,2013.1666666666667,0.031065234392786845,0.03840591148038473
2013,4,2,0.0017802194508276534,0.003024914582369268,6.788571032132424e-05,0.00032442499848541476,0.0003324927083739046,0.0006713095365141189,-0.00033881684274586173,0.0010101263792599807,2053,0.015600000000000001,-0.023700000000000002,0.0044,0.0,0.0022,2013.25,0.030413975804593898,0.03813333602013474
2013,5,2,0.0017802194508276534,0.003024914582369268,6.788571032132424e-05,0.00032442499848541476,0.0003324927083739046,0.0006713095365141189,-0.00033881684274586173,0.0010101263792599807,2053,0.027999999999999997,0.017,0.026699999999999998,0.0,-0.020099999999999996,2013.3333333333333,0.01912976421150762,0.03813333602013474
2013,6,2,0.0017802194508276534,0.003024914582369268,6.788571032132424e-05,0.00032442499848541476,0.0003324927083739046,0.0006713095365141189,-0.00033881684274586173,0.0010101263792599807,2053,-0.012,0.0131,-0.0005,0.0,0.0043,2013.4166666666667,0.02043856092603566,0.03813333602013474
2013,7,3,0.0017715289039162113,0.002982111189822902,6.943520173041894e-05,0.0002880465937887401,0.0003416016466302368,0.000678329806010929,-0.0003367281684881603,0.0010150579744990893,2194,0.0565,0.0181,0.0058,0.0,0.0174,2013.5,0.02312610193934745,0.03919506910523213
2013,8,3,0.0017715289039162113,0.002982111189822902,6.943520173041894e-05,0.0002880465937887401,0.0003416016466302368,0.000678329806010929,-0.0003367281684881603,0.0010150579744990893,2194,-0.0271,0.0032,-0.0273,0.0,0.0004,2013.5833333333333,0.026874996828752433,0.03919506910523213
2013,9,3,0.0017715289039162113,0.002982111189822902,6.943520173041894e-05,0.0002880465937887401,0.0003416016466302368,0.000678329806010929,-0.0003367281684881603,0.0010150579744990893,2194,0.0377,0.028900000000000002,-0.0118,0.0,0.0302,2013.6666666666667,0.02741371034996018,0.03919506910523213
2013,10,4,0.0018134916103123451,0.0037916799399926185,7.201939266236985e-05,0.00042351811612586544,0.0003207483306891423,0.0006864137307882995,-0.00036566540951908774,0.0010520791403073873,2015,0.0417,-0.015600000000000001,0.012199999999999999,0.0,0.0002,2013.75,0.025816078792923282,0.03971310828322764
2013,11,4,0.0018134916103123451,0.0037916799399926185,7.201939266236985e-05,0.00042351811612586544,0.0003207483306891423,0.0006864137307882995,-0.00036566540951908774,0.0010520791403073873,2015,0.0311,0.0131,0.0019,0.0,0.0039000000000000003,2013.8333333333333,0.025491656388994113,0.03971310828322764
2013,12,4,0.0018134916103123451,0.0037916799399926185,7.201939266236985e-05,0.00042351811612586544,0.0003207483306891423,0.0006864137307882995,-0.00036566540951908774,0.0010520791403073873,2015,0.0281,-0.0044,0.0,0.0,0.0002,2013.9166666666667,0.02519467686683521,0.03971310828322764
2014,1,1,0.0016837676016260162,0.0028608312134872204,6.073095528455285e-05,0.0002464704619462208,0.0003021488630081301,0.0006298848235772357,-0.0003277359532520325,0.0009576207768292682,2459,-0.0332,0.009300000000000001,-0.0199,0.0,0.0161,2014.0,0.028435860841869737,0.036068488085324896
2014,2,1,0.0016837676016260162,0.0028608312134872204,6.073095528455285e-05,0.0002464704619462208,0.0003021488630081301,0.0006298848235772357,-0.0003277359532520325,0.0009576207768292682,2459,0.0466,0.0036,-0.0034999999999999996,0.0,0.0213,2014.0833333333333,0.029495788091717674,0.036068488085324896
2014,3,1,0.0016837676016260162,0.0028608312134872204,6.073095528455285e-05,0.0002464704619462208,0.0003021488630081301,0.0006298848235772357,-0.0003277359532520325,0.0009576207768292682,2459,0.0043,-0.018600000000000002,0.049,0.0,-0.0327,2014.1666666666667,0.02918961391670091,0.036068488085324896
2014,4,2,0.0018654198837420525,0.0034786599772009025,7.02645949137148e-05,0.0003239447767394914,0.00032132461943687555,0.0006955477670299728,-0.0003742231448683015,0.0010697709118982742,2201,-0.0018,-0.0418,0.012199999999999999,0.0,-0.0382,2014.25,0.029752294283828164,0.03766690371396326
2014,5,2,0.0018654198837420525,0.0034786599772009025,7.02645949137148e-05,0.0003239447767394914,0.00032132461943687555,0.0006955477670299728,-0.0003742231448683015,0.0010697709118982742,2201,0.020499999999999997,-0.018500000000000003,-0.001,0.0,0.0089,2014.3333333333333,0.02957060374866575,0.03766690371396326
2014,6,2,0.0018654198837420525,0.0034786599772009025,7.02645949137148e-05,0.0003239447767394914,0.00032132461943687555,0.0006955477670299728,-0.0003742231448683015,0.0010697709118982742,2201,0.026000000000000002,0.0305,-0.0070999999999999995,0.0,0.006500000000000001,2014.4166666666667,0.028303163973469287,0.03766690371396326
2014,7,3,0.0018514715132819195,0.003367962976013198,6.266409468723223e-05,0.00024873602614219995,0.00038655538260497,0.000701917910882605,-0.0003153625205655527,0.0010172804314481578,2334,-0.0203,-0.0418,-0.0008,0.0,-0.0017000000000000001,2014.5,0.027780306955565725,0.03384556060038848
2014,8,3,0.0018514715132819195,0.003367962976013198,6.266409468723223e-05,0.00024873602614219995,0.00038655538260497,0.000701917910882605,-0.0003153625205655527,0.0010172804314481578,2334,0.0424,0.0040999999999999995,-0.005699999999999999,0.0,0.0083,2014.5833333333333,0.025885814238456508,0.03384556060038848
2014,9,3,0.0018514715132819195,0.003367962976013198,6.266409468723223e-05,0.00024873602614219995,0.00038655538260497,0.000701917910882605,-0.0003153625205655527,0.0010172804314481578,2334,-0.0196,-0.0359,-0.0147,0.0,0.006,2014.6666666666667,0.027287520735288263,0.03384556060038848
2014,10,4,0.0018685026233766233,0.0036272052338394813,6.437596706864564e-05,0.0003170003840996761,0.0003922087221706865,0.000724287788961039,-0.0003320790282931354,0.0010563668172541745,2156,0.025099999999999997,0.0405,-0.0163,0.0,-0.0021,2014.75,0.026142210149777894,0.03445323694916004
2014,11,4,0.0018685026233766233,0.0036272052338394813,6.437596706864564e-05,0.0003170003840996761,0.0003922087221706865,0.000724287788961039,-0.0003320790282931354,0.0010563668172541745,2156,0.0256,-0.020499999999999997,-0.0313,0.0,0.0069,2014.8333333333333,0.025831556634895562,0.03445323694916004
2014,12,4,0.0018685026233766233,0.0036272052338394813,6.437596706864564e-05,0.0003170003840996761,0.0003922087221706865,0.000724287788961039,-0.0003320790282931354,0.0010563668172541745,2156,-0.0005,0.0253,0.0212,0.0,0.0103,2014.9166666666667,0.025526117047352703,0.03445323694916004
2015,1,1,0.0018288079421942586,0.0034807744644187004,7.079928077074323e-05,0.00033785204948302936,0.00035696002831301613,0.0007119679421942588,-0.0003550078698387731,0.001066975812033032,2540,-0.031,-0.0059,-0.0345,0.0,0.0374,2015.0,0.025196613228404666,0.038713347238891256
2015,2,1,0.0018288079421942586,0.0034807744644187004,7.079928077074323e-05,0.00033785204948302936,0.00035696002831301613,0.0007119679421942588,-0.0003550078698387731,0.001066975812033032,2540,0.0613,0.0060999999999999995,-0.0179,0.0,-0.031,2015.0833333333333,0.0274098522433084,0.038713347238891256
2015,3,1,0.0018288079421942586,0.0034807744644187004,7.079928077074323e-05,0.00033785204948302936,0.00035696002831301613,0.0007119679421942588,-0.0003550078698387731,0.001066975812033032,2540,-0.0111,0.0305,-0.0038,0.0,0.027000000000000003,2015.1666666666667,0.02810379571042552,0.038713347238891256
2015,4,2,0.0019017792340036562,0.003447207377906427,7.696350319926874e-05,0.0003757432131119875,0.00032279631627056673,0.0007011594104204753,-0.00037836310054844603,0.0010795225109689213,2187,0.0059,-0.029900000000000003,0.018000000000000002,0.0,-0.0727,2015.25,0.0279041364914475,0.04046920787452451
2015,5,2,0.0019017792340036562,0.003447207377906427,7.696350319926874e-05,0.0003757432131119875,0.00032279631627056673,0.0007011594104204753,-0.00037836310054844603,0.0010795225109689213,2187,0.0137,0.0095,-0.0111,0.0,0.056799999999999996,2015.3333333333333,0.027748069820942096,0.04046920787452451
2015,6,2,0.0019017792340036562,0.003447207377906427,7.696350319926874e-05,0.0003757432131119875,0.00032279631627056673,0.0007011594104204753,-0.00037836310054844603,0.0010795225109689213,2187,-0.0152,0.0294,-0.008199999999999999,0.0,0.0301,2015.4166666666667,0.02810682409319949,0.04046920787452451
2015,7,3,0.0018877263474159146,0.003538002258934592,8.114028301886792e-05,0.00042395576540082107,0.0003326425730106645,0.0007043730127153404,-0.0003717304208367514,0.001076103433552092,2437,0.015700000000000002,-0.0417,-0.0416,0.0,0.09970000000000001,2015.5,0.026898004600995035,0.04298307264272313
2015,8,3,0.0018877263474159146,0.003538002258934592,8.114028301886792e-05,0.00042395576540082107,0.0003326425730106645,0.0007043730127153404,-0.0003717304208367514,0.001076103433552092,2437,-0.0602,0.0037,0.0275,0.0,-0.0216,2015.5833333333333,0.031374438302348574,0.04298307264272313
2015,9,3,0.0018877263474159146,0.003538002258934592,8.114028301886792e-05,0.00042395576540082107,0.0003326425730106645,0.0007043730127153404,-0.0003717304208367514,0.001076103433552092,2437,-0.030600000000000002,-0.0263,0.0055000000000000005,0.0,0.0524,2015.6666666666667,0.03217538467194879,0.04298307264272313
2015,10,4,0.0019234418045433034,0.0037696363877688195,7.526471036441078e-05,0.00032530318562579743,0.00033208916138192143,0.0007182787288215806,-0.00038618958163748226,0.001104468310459063,2113,0.0775,-0.019,-0.004699999999999999,0.0,-0.0319,2015.75,0.038784473424140715,0.039130222850313444
2015,11,4,0.0019234418045433034,0.0037696363877688195,7.526471036441078e-05,0.00032530318562579743,0.00033208916138192143,0.0007182787288215806,-0.00038618958163748226,0.001104468310459063,2113,0.005699999999999999,0.0358,-0.0043,0.0,0.0229,2015.8333333333333,0.038210184268309674,0.039130222850313444
2015,12,4,0.0019234418045433034,0.0037696363877688195,7.526471036441078e-05,0.00032530318562579743,0.00033208916138192143,0.0007182787288215806,-0.00038618958163748226,0.001104468310459063,2113,-0.0215,-0.027999999999999997,-0.025699999999999997,0.0001,0.0334,2015.9166666666667,0.038840758816667625,0.039130222850313444
2016,1,1,0.0017589234910465577,0.0031931018823703108,6.782525865499402e-05,0.00029559575650911344,0.00031934884003183446,0.0006865998921607641,-0.00036725106446478315,0.0010538509566255473,2512,-0.0574,-0.034,0.0208,0.0001,0.016,2016.0,0.0414676325036111,0.038560662327940046
2016,2,1,0.0017589234910465577,0.0031931018823703108,6.782525865499402e-05,0.00029559575650911344,0.00031934884003183446,0.0006865998921607641,-0.00036725106446478315,0.0010538509566255473,2512,-0.0006,0.0073,-0.0060999999999999995,0.0002,-0.0435,2016.0833333333333,0.03652079005252493,0.038560662327940046
2016,3,1,0.0017589234910465577,0.0031931018823703108,6.782525865499402e-05,0.00029559575650911344,0.00031934884003183446,0.0006865998921607641,-0.00036725106446478315,0.0010538509566255473,2512,0.0695,0.0075,0.012199999999999999,0.0002,-0.0504,2016.1666666666667,0.04251873294813887,0.038560662327940046
2016,4,2,0.0019555254378612716,0.003737709307397901,7.312901107899807e-05,0.0004126484657833522,0.0003392662610789981,0.0007362060197495183,-0.0003969397408477842,0.0011331457605973025,2076,0.0092,0.0077,0.0322,0.0001,-0.059800000000000006,2016.25,0.042569533137152796,0.03739609105743418
2016,5,2,0.0019555254378612716,0.003737709307397901,7.312901107899807e-05,0.0004126484657833522,0.0003392662610789981,0.0007362060197495183,-0.0003969397408477842,0.0011331457605973025,2076,0.0178,-0.0018,-0.016200000000000003,0.0001,0.0147,2016.3333333333333,0.0427015035928585,0.03739609105743418
2016,6,2,0.0019555254378612716,0.003737709307397901,7.312901107899807e-05,0.0004126484657833522,0.0003392662610789981,0.0007362060197495183,-0.0003969397408477842,0.0011331457605973025,2076,-0.0003,0.006,-0.0149,0.0002,0.042,2016.4166666666667,0.042408796971926226,0.03739609105743418
2016,7,3,0.001941765404001703,0.003726601641117309,7.664679438058748e-05,0.0003941762198184738,0.000390145134951043,0.0007666184802043423,-0.0003764733333333333,0.0011430918135376755,2348,0.0394,0.0245,-0.0124,0.0002,-0.0331,2016.5,0.04363554552579046,0.039472734592631974
2016,8,3,0.001941765404001703,0.003726601641117309,7.664679438058748e-05,0.0003941762198184738,0.000390145134951043,0.0007666184802043423,-0.0003764733333333333,0.0011430918135376755,2348,0.0049,0.011699999999999999,0.0317,0.0002,-0.0341,2016.5833333333333,0.03868902436170502,0.039472734592631974
2016,9,3,0.001941765404001703,0.003726601641117309,7.664679438058748e-05,0.0003941762198184738,0.000390145134951043,0.0007666184802043423,-0.0003764733333333333,0.0011430918135376755,2348,0.0027,0.0208,-0.011899999999999999,0.0002,0.0026,2016.6666666666667,0.03669690247848107,0.039472734592631974
2016,10,4,0.0019885623834974215,0.0037270523029039005,6.848189779653072e-05,0.00029103123211378156,0.000375858005625879,0.0007394053108298171,-0.00036354730379746834,0.0011029526146272854,2133,-0.020099999999999996,-0.043899999999999995,0.041100000000000005,0.0002,0.0051,2016.75,0.03134385421370026,0.034437890870839975
2016,11,4,0.0019885623834974215,0.0037270523029039005,6.848189779653072e-05,0.00029103123211378156,0.000375858005625879,0.0007394053108298171,-0.00036354730379746834,0.0011029526146272854,2133,0.048600000000000004,0.055999999999999994,0.08289999999999999,0.0001,-0.04769999999999999,2016.8333333333333,0.03388539061261794,0.034437890870839975
2016,12,4,0.0019885623834974215,0.0037270523029039005,6.848189779653072e-05,0.00029103123211378156,0.000375858005625879,0.0007394053108298171,-0.00036354730379746834,0.0011029526146272854,2133,0.0181,0.0014000000000000002,0.0347,0.0003,-0.0027,2016.9166666666667,0.03269219627020638,0.034437890870839975
2017,1,1,0.0019268433488664988,0.0035142491315191668,7.54235873215785e-05,0.0002776051875449218,0.00043234240931989927,0.0007767873769941226,-0.00034444493870696894,0.0011212323157010916,2381,0.0194,-0.0116,-0.0276,0.0004,-0.009300000000000001,2017.0,0.02460527782752505,0.0391435990121293
2017,2,1,0.0019268433488664988,0.0035142491315191668,7.54235873215785e-05,0.0002776051875449218,0.00043234240931989927,0.0007767873769941226,-0.00034444493870696894,0.0011212323157010916,2381,0.0355,-0.0215,-0.015,0.0004,-0.0151,2017.0833333333333,0.024412793156395864,0.0391435990121293
2017,3,1,0.0019268433488664988,0.0035142491315191668,7.54235873215785e-05,0.0002776051875449218,0.00043234240931989927,0.0007767873769941226,-0.00034444493870696894,0.0011212323157010916,2381,0.0017000000000000001,0.0113,-0.0333,0.0003,-0.0097,2017.1666666666667,0.0193308730148214,0.0391435990121293
2017,4,2,0.0020751703679931536,0.0036341976082467503,6.935120967051776e-05,0.0002999858751582185,0.0004681287329910141,0.0008486479122807017,-0.00038051919512195126,0.001229167107402653,2336,0.0108,0.0066,-0.020499999999999997,0.0005,0.0048,2017.25,0.01929465894065926,0.033419524198214715
2017,5,2,0.0020751703679931536,0.0036341976082467503,6.935120967051776e-05,0.0002999858751582185,0.0004681287329910141,0.0008486479122807017,-0.00038051919512195126,0.001229167107402653,2336,0.010700000000000001,-0.0252,-0.0382,0.0006,0.015,2017.3333333333333,0.01930566724769664,0.033419524198214715
2017,6,2,0.0020751703679931536,0.0036341976082467503,6.935120967051776e-05,0.0002999858751582185,0.0004681287329910141,0.0008486479122807017,-0.00038051919512195126,0.001229167107402653,2336,0.0079,0.022099999999999998,0.015,0.0006,-0.001,2017.4166666666667,0.018883053168640283,0.033419524198214715
2017,7,3,0.0022034269585286693,0.0041389646829235165,8.799555679769203e-05,0.00034502470519066946,0.0004450418261810313,0.0008365633346556077,-0.0003915214951316264,0.001228084829787234,2771,0.018799999999999997,-0.014499999999999999,-0.0023,0.0007000000000000001,0.0163,2017.5,0.01733260196592219,0.03993577026164449
2017,8,3,0.0022034269585286693,0.0041389646829235165,8.799555679769203e-05,0.00034502470519066946,0.0004450418261810313,0.0008365633346556077,-0.0003915214951316264,0.001228084829787234,2771,0.0018,-0.0167,-0.0213,0.0009,0.0331,2017.5833333333333,0.017490748636887637,0.03993577026164449
2017,9,3,0.0022034269585286693,0.0041389646829235165,8.799555679769203e-05,0.00034502470519066946,0.0004450418261810313,0.0008365633346556077,-0.0003915214951316264,0.001228084829787234,2771,0.024900000000000002,0.044500000000000005,0.0315,0.0009,-0.013500000000000002,2017.6666666666667,0.017477281790595402,0.03993577026164449
2017,10,4,0.002100220289443814,0.0036074972391398432,7.112084298146046e-05,0.00027139441146997175,0.00038962713772228527,0.000782263,-0.00039263586568293605,0.001174898865682936,2643,0.0226,-0.019299999999999998,0.0013,0.0009,0.0421,2017.75,0.01364264703720715,0.03386351420019062
2017,11,4,0.002100220289443814,0.0036074972391398432,7.112084298146046e-05,0.00027139441146997175,0.00038962713772228527,0.000782263,-0.00039263586568293605,0.001174898865682936,2643,0.031200000000000002,-0.006,-0.0009,0.0008,-0.009399999999999999,2017.8333333333333,0.01076150547089016,0.03386351420019062
2017,12,4,0.002100220289443814,0.0036074972391398432,7.112084298146046e-05,0.00027139441146997175,0.00038962713772228527,0.000782263,-0.00039263586568293605,0.001174898865682936,2643,0.0106,-0.0132,0.0005,0.0009,-0.0155,2017.9166666666667,0.010905471937601646,0.03386351420019062
2018,1,1,0.002013113302134647,0.0035319623875127108,7.234044958949098e-05,0.00026318077521052046,0.0004257227881773399,0.0007828926978653531,-0.00035716991888341544,0.0011400626167487684,3044,0.0558,-0.0316,-0.0132,0.0011,0.0408,2018.0,0.01580169486498393,0.03593461228402894
2018,2,1,0.002013113302134647,0.0035319623875127108,7.234044958949098e-05,0.00026318077521052046,0.0004257227881773399,0.0007828926978653531,-0.00035716991888341544,0.0011400626167487684,3044,-0.0364,0.0027,-0.011000000000000001,0.0011,0.0368,2018.0833333333333,0.021667459192964613,0.03593461228402894
2018,3,1,0.002013113302134647,0.0035319623875127108,7.234044958949098e-05,0.00026318077521052046,0.0004257227881773399,0.0007828926978653531,-0.00035716991888341544,0.0011400626167487684,3044,-0.0235,0.0405,-0.0021,0.0012,-0.012,2018.1666666666667,0.023996944249910907,0.03593461228402894
2018,4,2,0.0021254379014186975,0.0038181239181054936,6.872109057839214e-05,0.0002630497921163835,0.0004585895903965078,0.0008174164256093125,-0.00035882681884321575,0.0011762432444525283,2749,0.0027,0.0109,0.0053,0.0014000000000000002,0.0045000000000000005,2018.25,0.024124844166555873,0.03233267238683126
2018,5,2,0.0021254379014186975,0.0038181239181054936,6.872109057839214e-05,0.0002630497921163835,0.0004585895903965078,0.0008174164256093125,-0.00035882681884321575,0.0011762432444525283,2749,0.026600000000000002,0.0524,-0.031400000000000004,0.0014000000000000002,0.0391,2018.3333333333333,0.02456397337318999,0.03233267238683126
2018,6,2,0.0021254379014186975,0.0038181239181054936,6.872109057839214e-05,0.0002630497921163835,0.0004585895903965078,0.0008174164256093125,-0.00035882681884321575,0.0011762432444525283,2749,0.0049,0.0111,-0.0233,0.0014000000000000002,-0.0226,2018.4166666666667,0.024623762851556544,0.03233267238683126
2018,7,3,0.002046851873938602,0.0035911040094097524,7.425198040496407e-05,0.00029095670972576626,0.0004432651626387982,0.0007951672870672764,-0.00035190212573481386,0.0011470694128020902,3060,0.032,-0.0223,0.0049,0.0016,-0.0143,2018.5,0.025258062019278042,0.03627618477074657
2018,8,3,0.002046851873938602,0.0035911040094097524,7.425198040496407e-05,0.00029095670972576626,0.0004432651626387982,0.0007951672870672764,-0.00035190212573481386,0.0011470694128020902,3060,0.0345,0.011399999999999999,-0.0391,0.0016,0.053,2018.5833333333333,0.02572693877607435,0.03627618477074657
2018,9,3,0.002046851873938602,0.0035911040094097524,7.425198040496407e-05,0.00029095670972576626,0.0004432651626387982,0.0007951672870672764,-0.00035190212573481386,0.0011470694128020902,3060,0.0006,-0.0229,-0.016200000000000003,0.0015,-0.0008,2018.6666666666667,0.025874990850532693,0.03627618477074657
2018,10,4,0.0020853425061124692,0.003687646295082547,6.916878798463151e-05,0.00026967355928781284,0.00041912655885434857,0.0007827361798812435,-0.0003636096154383514,0.001146345795319595,2862,-0.0765,-0.047,0.0338,0.0019,-0.0206,2018.75,0.03637787685176834,0.03316902833226869
2018,11,4,0.0020853425061124692,0.003687646295082547,6.916878798463151e-05,0.00026967355928781284,0.00041912655885434857,0.0007827361798812435,-0.0003636096154383514,0.001146345795319595,2862,0.0171,-0.0073,0.0036,0.0018,-0.013999999999999999,2018.8333333333333,0.035683108642945355,0.03316902833226869
2018,12,4,0.0020853425061124692,0.003687646295082547,6.916878798463151e-05,0.00026967355928781284,0.00041912655885434857,0.0007827361798812435,-0.0003636096154383514,0.001146345795319595,2862,-0.0955,-0.0231,-0.0192,0.0019,0.0176,2018.9166666666667,0.04565860385579705,0.03316902833226869
2019,1,1,0.0020877497202970298,0.0037693130845232172,7.236359282178218e-05,0.000313718518830933,0.000471564473700495,0.000823482650680693,-0.00035191816707920795,0.0011754008177599009,3231,0.0837,0.0276,-0.0039000000000000003,0.0021,-0.0862,2019.0,0.0495683886314166,0.034661046126440005
2019,2,1,0.0020877497202970298,0.0037693130845232172,7.236359282178218e-05,0.000313718518830933,0.000471564473700495,0.000823482650680693,-0.00035191816707920795,0.0011754008177599009,3231,0.0342,0.020499999999999997,-0.026600000000000002,0.0018,0.005,2019.0833333333333,0.04936620117227795,0.034661046126440005
2019,3,1,0.0020877497202970298,0.0037693130845232172,7.236359282178218e-05,0.000313718518830933,0.000471564473700495,0.000823482650680693,-0.00035191816707920795,0.0011754008177599009,3231,0.011000000000000001,-0.030299999999999997,-0.0414,0.0019,0.022400000000000003,2019.1666666666667,0.04865668458234134,0.034661046126440005
2019,4,2,0.002272340657223796,0.0039419308000850795,8.26611409348442e-05,0.0003460273723356001,0.00039412951062322947,0.0008348231589943344,-0.0004406936660764873,0.0012755168250708215,2823,0.0397,-0.0174,0.0213,0.0021,-0.0291,2019.25,0.04957324165191123,0.03637708854715717
2019,5,2,0.002272340657223796,0.0039419308000850795,8.26611409348442e-05,0.0003460273723356001,0.00039412951062322947,0.0008348231589943344,-0.0004406936660764873,0.0012755168250708215,2823,-0.0692,-0.0126,-0.0245,0.0021,0.0755,2019.3333333333333,0.054055445020493864,0.03637708854715717
2019,6,2,0.002272340657223796,0.0039419308000850795,8.26611409348442e-05,0.0003460273723356001,0.00039412951062322947,0.0008348231589943344,-0.0004406936660764873,0.0012755168250708215,2823,0.0699,0.0011,-0.0064,0.0018,-0.022400000000000003,2019.4166666666667,0.05758240669341687,0.03637708854715717
2019,7,3,0.0022009805893939394,0.0038941388824918505,7.548963060606061e-05,0.00030328728695681504,0.00046553638909090913,0.0008502188215151515,-0.00038468244909090906,0.0012349012706060606,3298,0.0123,-0.0196,0.005,0.0019,0.0292,2019.5,0.05707698947275273,0.034298179429664774
2019,8,3,0.0022009805893939394,0.0038941388824918505,7.548963060606061e-05,0.00030328728695681504,0.00046553638909090913,0.0008502188215151515,-0.00038468244909090906,0.0012349012706060606,3298,-0.0255,-0.0239,-0.04769999999999999,0.0016,0.0751,2019.5833333333333,0.056899920114978256,0.034298179429664774
2019,9,3,0.0022009805893939394,0.0038941388824918505,7.548963060606061e-05,0.00030328728695681504,0.00046553638909090913,0.0008502188215151515,-0.00038468244909090906,0.0012349012706060606,3298,0.0141,-0.0097,0.0676,0.0018,-0.0674,2019.6666666666667,0.05704290450656815,0.034298179429664774
2019,10,4,0.0022539462383050846,0.0039004907784935565,8.465110508474576e-05,0.00039656659414982856,0.0004100779840677966,0.0008112113091525424,-0.0004011333308474576,0.00121234464,2948,0.0207,0.0027,-0.0192,0.0015,0.0013,2019.75,0.051640261336568474,0.03755684137023485
2019,11,4,0.0022539462383050846,0.0039004907784935565,8.465110508474576e-05,0.00039656659414982856,0.0004100779840677966,0.0008112113091525424,-0.0004011333308474576,0.00121234464,2948,0.0387,0.0072,-0.02,0.0012,-0.0263,2019.8333333333333,0.052306163811995154,0.03755684137023485
2019,12,4,0.0022539462383050846,0.0039004907784935565,8.465110508474576e-05,0.00039656659414982856,0.0004100779840677966,0.0008112113091525424,-0.0004011333308474576,0.00121234464,2948,0.0277,0.0076,0.0173,0.0014000000000000002,-0.0222,2019.9166666666667,0.040140604206471586,0.03755684137023485
2020,1,1,0.0024299269352413993,0.004012859653813576,9.368862561433941e-05,0.0003369873365822006,0.0005313361104365423,0.0009589260887539752,-0.00042758999508528476,0.00138651608383926,3456,-0.0011,-0.031,-0.0622,0.0013,0.0602,2020.0,0.03536398077654204,0.038556147676686095
2020,2,1,0.0024299269352413993,0.004012859653813576,9.368862561433941e-05,0.0003369873365822006,0.0005313361104365423,0.0009589260887539752,-0.00042758999508528476,0.00138651608383926,3456,-0.0815,0.0108,-0.0382,0.0012,-0.0028000000000000004,2020.0833333333333,0.04414868130087307,0.038556147676686095
2020,3,1,0.0024299269352413993,0.004012859653813576,9.368862561433941e-05,0.0003369873365822006,0.0005313361104365423,0.0009589260887539752,-0.00042758999508528476,0.00138651608383926,3456,-0.13369999999999999,-0.046900000000000004,-0.1383,0.0012,0.0821,2020.1666666666667,0.05940603160377816,0.038556147676686095
2020,4,2,0.0016750840202403542,0.002805131557491625,6.794211859582543e-05,0.0002750946068105747,0.00018535893010752688,0.0005889743257432005,-0.0004036154067046173,0.0009925897324478178,3162,0.136,0.025,-0.0134,0.0,-0.0548,2020.25,0.07159084502161635,0.04056042187664973
2020,5,2,0.0016750840202403542,0.002805131557491625,6.794211859582543e-05,0.0002750946068105747,0.00018535893010752688,0.0005889743257432005,-0.0004036154067046173,0.0009925897324478178,3162,0.0557,0.024,-0.05,0.0001,0.0016,2020.3333333333333,0.06955490255687925,0.04056042187664973
2020,6,2,0.0016750840202403542,0.002805131557491625,6.794211859582543e-05,0.0002750946068105747,0.00018535893010752688,0.0005889743257432005,-0.0004036154067046173,0.0009925897324478178,3162,0.0245,0.026699999999999998,-0.0217,0.0001,-0.0083,2020.4166666666667,0.06726328358162287,0.04056042187664973
2020,7,3,0.0021181856552004333,0.0035749273670952196,8.749125866738895e-05,0.0003469088388749538,0.0003862872703141929,0.0007999255958829902,-0.0004136383225893825,0.0012135639184723728,3690,0.0583,-0.0235,-0.0144,0.0001,0.0771,2020.5,0.0688642994767553,0.0413048092937959
2020,8,3,0.0021181856552004333,0.0035749273670952196,8.749125866738895e-05,0.0003469088388749538,0.0003862872703141929,0.0007999255958829902,-0.0004136383225893825,0.0012135639184723728,3690,0.0762,-0.002,-0.0302,0.0001,0.0046,2020.5833333333333,0.07018798567656243,0.0413048092937959
2020,9,3,0.0021181856552004333,0.0035749273670952196,8.749125866738895e-05,0.0003469088388749538,0.0003862872703141929,0.0007999255958829902,-0.0004136383225893825,0.0012135639184723728,3690,-0.0364,0.0006,-0.027200000000000002,0.0001,0.0319,2020.6666666666667,0.07203943522316597,0.0413048092937959
2020,10,4,0.0025122566551724138,0.003966426560352791,9.622996828817733e-05,0.0003660347541469773,0.000535754023091133,0.000951865921182266,-0.00041611188331280787,0.001367977804495074,3247,-0.0208,0.0434,0.0425,0.0001,-0.031400000000000004,2020.75,0.07275574745598307,0.038304193267687386
2020,11,4,0.0025122566551724138,0.003966426560352791,9.622996828817733e-05,0.0003660347541469773,0.000535754023091133,0.000951865921182266,-0.00041611188331280787,0.001367977804495074,3247,0.1245,0.0581,0.0209,0.0001,-0.1255,2020.8333333333333,0.07952300791518632,0.038304193267687386
2020,12,4,0.0025122566551724138,0.003966426560352791,9.622996828817733e-05,0.0003660347541469773,0.000535754023091133,0.000951865921182266,-0.00041611188331280787,0.001367977804495074,3247,0.0463,0.0501,-0.0168,0.0001,-0.023700000000000002,2020.9166666666667,0.07988595659191958,0.038304193267687386
2021,1,1,0.0029230005889872173,0.004543971194353195,0.00010787733874139626,0.0003390896627809056,0.0007212889341199607,0.001166933285644051,-0.0004456443640609636,0.0016125776497050146,4066,-0.0007000000000000001,0.07139999999999999,0.0322,0.0,0.0431,2021.0,0.07987613137625259,0.036906367880048085
2021,2,1,0.0029230005889872173,0.004543971194353195,0.00010787733874139626,0.0003390896627809056,0.0007212889341199607,0.001166933285644051,-0.0004456443640609636,0.0016125776497050146,4066,0.0281,0.0202,0.07200000000000001,0.0,-0.079,2021.0833333333333,0.07310706138426318,0.036906367880048085
2021,3,1,0.0029230005889872173,0.004543971194353195,0.00010787733874139626,0.0003390896627809056,0.0007212889341199607,0.001166933285644051,-0.0004456443640609636,0.0016125776497050146,4066,0.0316,-0.0233,0.0735,0.0,-0.061200000000000004,2021.1666666666667,0.05202624264967078,0.036906367880048085
2021,4,2,0.003024570254746387,0.004704365290368347,0.00010349833890620572,0.00037020341184904444,0.000749529305185605,0.0012023205724001132,-0.00045279123944460186,0.001655111811844715,3527,0.0495,-0.0319,-0.0102,0.0,0.0123,2021.25,0.04332645633076651,0.034219187113233525
2021,5,2,0.003024570254746387,0.004704365290368347,0.00010349833890620572,0.00037020341184904444,0.000749529305185605,0.0012023205724001132,-0.00045279123944460186,0.001655111811844715,3527,0.003,-0.002,0.0704,0.0,0.005600000000000001,2021.3333333333333,0.04385993115140583,0.034219187113233525
2021,6,2,0.003024570254746387,0.004704365290368347,0.00010349833890620572,0.00037020341184904444,0.000749529305185605,0.0012023205724001132,-0.00045279123944460186,0.001655111811844715,3527,0.0274,0.017,-0.0786,0.0,0.0207,2021.4166666666667,0.043822773241152295,0.034219187113233525
2021,7,3,0.0029705603099041532,0.0045940755488482555,0.00010646678520521013,0.00034906839689762003,0.0007976071145244532,0.001240790094126321,-0.0004431829874662079,0.0016839730815925288,4066,0.0134,-0.0393,-0.0179,0.0,-0.0218,2021.5,0.04331020157660386,0.03584063964841076
2021,8,3,0.0029705603099041532,0.0045940755488482555,0.00010646678520521013,0.00034906839689762003,0.0007976071145244532,0.001240790094126321,-0.0004431829874662079,0.0016839730815925288,4066,0.0294,-0.0032,-0.0023,0.0,0.0263,2021.5833333333333,0.04065071750084287,0.03584063964841076
2021,9,3,0.0029705603099041532,0.0045940755488482555,0.00010646678520521013,0.00034906839689762003,0.0007976071145244532,0.001240790094126321,-0.0004431829874662079,0.0016839730815925288,4066,-0.044000000000000004,0.0066,0.0512,0.0,0.0139,2021.6666666666667,0.04173244050986104,0.03584063964841076
2021,10,4,0.003108648157337789,0.004589454462755921,0.00011135210944026733,0.0003561043698622376,0.0007329818206627681,0.001230954230019493,-0.0004979724266221109,0.001728926656641604,3587,0.0663,-0.0226,-0.0053,0.0,0.0332,2021.75,0.04080103236958891,0.03582010578952667
2021,11,4,0.003108648157337789,0.004589454462755921,0.00011135210944026733,0.0003561043698622376,0.0007329818206627681,0.001230954230019493,-0.0004979724266221109,0.001728926656641604,3587,-0.0158,-0.0131,-0.0037,0.0,0.0096,2021.8333333333333,0.03042888754078427,0.03582010578952667
2021,12,4,0.003108648157337789,0.004589454462755921,0.00011135210944026733,0.0003561043698622376,0.0007329818206627681,0.001230954230019493,-0.0004979724266221109,0.001728926656641604,3587,0.0323,-0.0163,0.0325,0.0001,-0.0239,2021.9166666666667,0.029565831784188118,0.03582010578952667
2022,1,1,0.0030140181810670444,0.004330309999631542,0.00011266350118035883,0.000397286828751652,0.0009011433597733711,0.0013306178179886684,-0.0004294744560906515,0.00176009227407932,4229,-0.0616,-0.0593,0.1286,0.0,-0.0242,2022.0,0.037341909188178646,0.0373798333898867
2022,2,1,0.0030140181810670444,0.004330309999631542,0.00011266350118035883,0.000397286828751652,0.0009011433597733711,0.0013306178179886684,-0.0004294744560906515,0.00176009227407932,4229,-0.022799999999999997,0.0216,0.030600000000000002,0.0,0.0166,2022.0833333333333,0.038384264255346114,0.0373798333898867
2022,3,1,0.0030140181810670444,0.004330309999631542,0.00011266350118035883,0.000397286828751652,0.0009011433597733711,0.0013306178179886684,-0.0004294744560906515,0.00176009227407932,4229,0.0308,-0.0155,-0.019,0.0,0.0294,2022.1666666666667,0.03834222591189493,0.0373798333898867
2022,4,2,0.0029399211578099837,0.0043958770867232886,0.00011024374879227053,0.0003421595936516643,0.0007748339750402576,0.0012633160952764358,-0.0004884821231884058,0.0017517982184648416,3725,-0.0941,-0.013500000000000002,0.061799999999999994,0.0,0.05,2022.25,0.046161714262323086,0.03749887807348748
2022,5,2,0.0029399211578099837,0.0043958770867232886,0.00011024374879227053,0.0003421595936516643,0.0007748339750402576,0.0012633160952764358,-0.0004884821231884058,0.0017517982184648416,3725,-0.0034000000000000002,-0.0184,0.08439999999999999,0.0003,0.0254,2022.3333333333333,0.04612336143102505,0.03749887807348748
2022,6,2,0.0029399211578099837,0.0043958770867232886,0.00011024374879227053,0.0003421595936516643,0.0007748339750402576,0.0012633160952764358,-0.0004884821231884058,0.0017517982184648416,3725,-0.084,0.0207,-0.06,0.0006,0.0109,2022.4166666666667,0.05035368467754926,0.03749887807348748
2022,7,3,0.002934554569928401,0.00410680341150459,0.00010861504534606206,0.0003419132764134398,0.000762608907875895,0.0012891327646778043,-0.0005265238747016707,0.0018156566393794748,4185,0.09570000000000001,0.028399999999999998,-0.0415,0.0008,-0.0436,2022.5,0.05909193658780333,0.037012445690341185
2022,8,3,0.002934554569928401,0.00410680341150459,0.00010861504534606206,0.0003419132764134398,0.000762608907875895,0.0012891327646778043,-0.0005265238747016707,0.0018156566393794748,4185,-0.0377,0.0141,0.0018,0.0019,0.018500000000000003,2022.5833333333333,0.05861732795312011,0.037012445690341185
2022,9,3,0.002934554569928401,0.00410680341150459,0.00010861504534606206,0.0003419132764134398,0.000762608907875895,0.0012891327646778043,-0.0005265238747016707,0.0018156566393794748,4185,-0.0934,-0.0076,0.0003,0.0019,0.036699999999999997,2022.6666666666667,0.06269799849398316,0.037012445690341185
2022,10,4,0.002899265014950166,0.004040362854916187,9.486675802879292e-05,0.0003013658827165683,0.000787406965116279,0.001260719873200443,-0.00047331291362126245,0.0017340327868217054,3609,0.0785,0.0001,0.0797,0.0023,0.039,2022.75,0.06422774994997384,0.03272096695800913
2022,11,4,0.002899265014950166,0.004040362854916187,9.486675802879292e-05,0.0003013658827165683,0.000787406965116279,0.001260719873200443,-0.00047331291362126245,0.0017340327868217054,3609,0.04650000000000001,-0.035699999999999996,0.0148,0.0029,-0.017,2022.8333333333333,0.06659831192691863,0.03272096695800913
2022,12,4,0.002899265014950166,0.004040362854916187,9.486675802879292e-05,0.0003013658827165683,0.000787406965116279,0.001260719873200443,-0.00047331291362126245,0.0017340327868217054,3609,-0.0638,-0.0076,0.0134,0.0033,0.049100000000000005,2022.9166666666667,0.06690097782045741,0.03272096695800913
2023,1,1,0.0028660184822492255,0.004039578094406815,0.0001035647624493686,0.0003420525777729912,0.0008548343366690493,0.001310129644031451,-0.000455295304741482,0.0017654249487729329,4193,0.0661,0.0501,-0.0394,0.0034999999999999996,-0.1617,2023.0,0.06934987710548199,0.03613541206285268
2023,2,1,0.0028660184822492255,0.004039578094406815,0.0001035647624493686,0.0003420525777729912,0.0008548343366690493,0.001310129644031451,-0.000455295304741482,0.0017654249487729329,4193,-0.025699999999999997,0.0105,-0.008,0.0034000000000000002,0.0055000000000000005,2023.0833333333333,0.06941572337385206,0.03613541206285268
2023,3,1,0.0028660184822492255,0.004039578094406815,0.0001035647624493686,0.0003420525777729912,0.0008548343366690493,0.001310129644031451,-0.000455295304741482,0.0017654249487729329,4193,0.0248,-0.0548,-0.09050000000000001,0.0036,-0.0235,2023.1666666666667,0.06913943038045174,0.03613541206285268
2023,4,2,0.002852597373300707,0.004131035301622276,9.023891163675911e-05,0.00028538737920394685,0.0008403988352365415,0.001273876756389342,-0.0004334779282218597,0.0017073546846112016,3673,0.0062,-0.0337,-0.0012,0.0034999999999999996,0.0176,2023.25,0.06356172137570242,0.031633945020761986
2023,5,2,0.002852597373300707,0.004131035301622276,9.023891163675911e-05,0.00028538737920394685,0.0008403988352365415,0.001273876756389342,-0.0004334779282218597,0.0017073546846112016,3673,0.0034000000000000002,0.016,-0.0779,0.0036,-0.0088,2023.3333333333333,0.06355102221241155,0.031633945020761986
2023,6,2,0.002852597373300707,0.004131035301622276,9.023891163675911e-05,0.00028538737920394685,0.0008403988352365415,0.001273876756389342,-0.0004334779282218597,0.0017073546846112016,3673,0.0646,0.0149,-0.0013,0.004,-0.0269,2023.4166666666667,0.059766155417036275,0.031633945020761986
2023,7,3,0.002910630595009597,0.004188773975940694,9.928447216890595e-05,0.0003214556562071768,0.0008689118195777351,0.0013184910223128599,-0.0004495792156909789,0.0017680702380038387,4166,0.0321,0.020499999999999997,0.0406,0.0045000000000000005,-0.0406,2023.5,0.054420823777356235,0.034110982317039906
2023,8,3,0.002910630595009597,0.004188773975940694,9.928447216890595e-05,0.0003214556562071768,0.0008689118195777351,0.0013184910223128599,-0.0004495792156909789,0.0017680702380038387,4166,-0.0236,-0.031400000000000004,-0.0115,0.0045000000000000005,0.0378,2023.5833333333333,0.05347746268430764,0.034110982317039906
2023,9,3,0.002910630595009597,0.004188773975940694,9.928447216890595e-05,0.0003214556562071768,0.0008689118195777351,0.0013184910223128599,-0.0004495792156909789,0.0017680702380038387,4166,-0.052300000000000006,-0.025099999999999997,0.0149,0.0043,0.0033,2023.6666666666667,0.04722927315155553,0.034110982317039906
2023,10,4,0.0028066370978959672,0.004165707746407392,0.00010585232407948569,0.0003323667169172967,0.0007987827822910578,0.001278004181472823,-0.0004792213912916423,0.0017572255727644653,3420,-0.0315,-0.038599999999999995,0.002,0.004699999999999999,0.0167,2023.75,0.043934848458722496,0.03771500076990331
2023,11,4,0.0028066370978959672,0.004165707746407392,0.00010585232407948569,0.0003323667169172967,0.0007987827822910578,0.001278004181472823,-0.0004792213912916423,0.0017572255727644653,3420,0.0888,-0.001,0.0167,0.0044,0.0256,2023.8333333333333,0.049061299782655964,0.03771500076990331
2023,12,4,0.0028066370978959672,0.004165707746407392,0.00010585232407948569,0.0003323667169172967,0.0007987827822910578,0.001278004181472823,-0.0004792213912916423,0.0017572255727644653,3420,0.048499999999999995,0.063,0.0489,0.0043,-0.0553,2023.9166666666667,0.044762338742484975,0.03771500076990331
2024,1,1,0.002787296136136136,0.003991662750679872,0.00010291001951951951,0.0003390404889361809,0.0007797410573073073,0.0012367635590590591,-0.00045702248773773775,0.001693786046796797,3993,0.0073,-0.0507,-0.023799999999999998,0.004699999999999999,0.0542,2024.0,0.042006511039325456,0.03692109155293001
2024,2,1,0.002787296136136136,0.003991662750679872,0.00010291001951951951,0.0003390404889361809,0.0007797410573073073,0.0012367635590590591,-0.00045702248773773775,0.001693786046796797,3993,0.0507,-0.0024,-0.034300000000000004,0.0042,0.049,2024.0833333333333,0.04157996676722624,0.03692109155293001
2024,3,1,0.002787296136136136,0.003991662750679872,0.00010291001951951951,0.0003390404889361809,0.0007797410573073073,0.0012367635590590591,-0.00045702248773773775,0.001693786046796797,3993,0.028399999999999998,-0.025,0.0416,0.0043,-0.0032,2024.1666666666667,0.0416444583238984,0.03692109155293001
2024,4,2,0.0027798804273527797,0.003983726330762991,0.00010757096752889378,0.0003442693366208232,0.0007521125990643919,0.0012308305299944965,-0.00047871795927352783,0.0017095484892680243,3631,-0.04650000000000001,-0.023700000000000002,-0.0045000000000000005,0.004699999999999999,-0.0043,2024.25,0.04565125624744295,0.038696255637767026
2024,5,2,0.0027798804273527797,0.003983726330762991,0.00010757096752889378,0.0003442693366208232,0.0007521125990643919,0.0012308305299944965,-0.00047871795927352783,0.0017095484892680243,3631,0.0433,0.0055000000000000005,-0.0131,0.0044,-0.0016,2024.3333333333333,0.046245625509748284,0.038696255637767026
2024,6,2,0.0027798804273527797,0.003983726330762991,0.00010757096752889378,0.0003442693366208232,0.0007521125990643919,0.0012308305299944965,-0.00047871795927352783,0.0017095484892680243,3631,0.027999999999999997,-0.03,-0.0336,0.0040999999999999995,0.0085,2024.4166666666667,0.04400849780199139,0.038696255637767026
2024,7,3,0.002822668212686567,0.003937490490748317,0.00010221359328358208,0.0003286416292794383,0.0007774062614427861,0.0012495018199004974,-0.00047209556567164176,0.0017215973855721392,4018,0.012199999999999999,0.0681,0.0562,0.0045000000000000005,-0.0235,2024.5,0.04365578426737976,0.036211691194526836
2024,8,3,0.002822668212686567,0.003937490490748317,0.00010221359328358208,0.0003286416292794383,0.0007774062614427861,0.0012495018199004974,-0.00047209556567164176,0.0017215973855721392,4018,0.016,-0.0349,-0.011000000000000001,0.0048,0.0481,2024.5833333333333,0.0421260904903363,0.036211691194526836
2024,9,3,0.002822668212686567,0.003937490490748317,0.00010221359328358208,0.0003286416292794383,0.0007774062614427861,0.0012495018199004974,-0.00047209556567164176,0.0017215973855721392,4018,0.0172,-0.0013,-0.0276,0.004,-0.0062,2024.6666666666667,0.036236955855824475,0.036211691194526836
2024,10,4,0.002700149915716273,0.003940793513315648,9.673966314325451e-05,0.00032708139352917605,0.0007099955994436718,0.0011843166742698192,-0.0004743210684283727,0.001658637742698192,3591,-0.01,-0.009899999999999999,0.0086,0.0039000000000000003,0.03,2024.75,0.03380861800658456,0.035827514241867864
2024,11,4,0.002700149915716273,0.003940793513315648,9.673966314325451e-05,0.00032708139352917605,0.0007099955994436718,0.0011843166742698192,-0.0004743210684283727,0.001658637742698192,3591,0.0649,0.0446,0.0016,0.004,0.01,2024.8333333333333,0.030125625857952486,0.035827514241867864
2024,12,4,0.002700149915716273,0.003940793513315648,9.673966314325451e-05,0.00032708139352917605,0.0007099955994436718,0.0011843166742698192,-0.0004743210684283727,0.001658637742698192,3591,-0.0317,-0.0271,-0.03,0.0037,-0.003,2024.9166666666667,0.03243883288264054,0.035827514241867864
