year,quarter,mean_expo,std_expo,mean_risk,std_risk,mean_sent,mean_pos,mean_neg,n_firms,period,cc_balance,Mkt_RF,SMB,HML,RF,Mom,mkt_vol_4q
2001,1,0.000297177,,0.0,,0.000297177,0.000297177,0.0,1,2001.0,0.000297177,-0.13840791812500008,0.059932026710000086,0.1345697130950001,0.013459246184000184,-0.08673264650000012,
2001,2,0.0010979368819444444,0.0012893952903398316,6.405768749999999e-05,0.00019112590151094171,0.0001906242222222222,0.00042181003472222217,-0.00023118581249999997,144,2001.25,0.0006529958472222221,0.0655584387439998,0.0953241739999997,-0.02658979916799986,0.009932394944000222,-0.05449614732999997,
2001,3,0.0005465969696969697,0.0003593001355682221,2.7246666666666668e-05,0.00011593385591999936,0.0001713129090909091,0.0002993715757575758,-0.00012805866666666665,33,2001.5,0.00042743024242424243,-0.16858103968000004,-0.08057291301500003,0.09592433864000016,0.008926406040000057,0.238982298704,0.12736691574309222
2001,4,0.0005868096071428572,0.0006032626029563982,1.690714285714286e-05,6.245439313001205e-05,0.0001427090357142857,0.00028575696428571434,-0.00014304789285714286,28,2001.75,0.0004288048571428572,0.11970911578400001,0.11921915890399992,-0.04512605604099995,0.005409595609999984,-0.1619689072959999,0.144338115811098
2002,1,0.0011172779764705883,0.0018291279328666826,3.564574117647059e-05,0.00011876829615846392,0.00016184469411764706,0.0003594510117647059,-0.0001976063294117647,85,2002.0,0.0005570573411764707,0.0037594828800000535,0.04170528187599998,0.06983100302399992,0.004005332366000314,0.08857969914499986,0.12510978144237872
2002,2,0.0012211508573351279,0.001904887915768833,4.579480753701211e-05,0.0002104794216290927,0.00014851453432032302,0.00040764834051144015,-0.0002591337456258412,743,2002.25,0.0006667820861372814,-0.13259255888800014,0.06535961188799999,0.059816385224000124,0.00420587273000006,0.17956072832000003,0.13222454761711167
2002,3,0.0010464100574282147,0.001692255828198354,3.3215254681647936e-05,0.00013505745418344205,9.38435617977528e-05,0.0003158479213483146,-0.00022200431710362047,801,2002.5,0.0005378522384519351,-0.17271569769999995,-0.05674252600000007,0.006467177973999982,0.00430616294000008,0.15259012475799993,0.1335283861447924
2002,4,0.0010684793005235602,0.0018406384062099946,4.237984188481676e-05,0.0002045030514514261,0.0001214272942408377,0.00036383126073298425,-0.00024240392670157068,955,2002.75,0.000606235187434555,0.07685469593600014,-0.0029073966400000595,-0.028692757024000093,0.0037045418480001757,-0.13423465623200004,0.11649094350628467
2003,1,0.001136101511627907,0.0019982871021550163,4.8301991279069765e-05,0.0001585509967937077,9.099344864341085e-05,0.0003867553343023256,-0.0002957617761627907,1032,2003.0,0.0006825171104651163,-0.033596623556000016,0.020745650168000118,-0.04204117698400012,0.0029028008999998356,0.042587083460000175,0.11147391555184931
2003,2,0.0010948499982030549,0.00182552950917285,4.886436118598383e-05,0.00017328604912249202,0.00010797514555256064,0.00034700529469901167,-0.0002390301293800539,1113,2003.25,0.0005860354240790655,0.16353983438000008,0.07196921612000007,0.020712399559999817,0.0029028008999998356,-0.20090008037500007,0.1452824465414546
2003,3,0.001158305574728261,0.0017795530932499812,4.367571195652174e-05,0.00018550756876376868,0.00010776979755434783,0.00037123368070652175,-0.0002634639599184783,1472,2003.5,0.000634697640625,0.03415831816400017,0.0840395948199999,0.0022502687120000697,0.002201610391999731,-0.008978301130000088,0.0825277124126661
2003,4,0.0012561262693389591,0.002124419528105516,4.928537974683544e-05,0.00018632786905022351,0.0001214748776371308,0.00041819973839662446,-0.0002967248635724332,1422,2003.75,0.0007149246019690576,0.12124348231999993,0.0189730411279998,0.05537928981200002,0.002201610391999731,-0.004159832943999908,0.08828993785380065
2004,1,0.001210557177480916,0.001957962552805065,4.439561577608142e-05,0.00017566658390451227,0.0001280357627226463,0.0004073323905852417,-0.00027929645801526716,1572,2004.0,0.0006866288486005089,0.022128426800000156,0.02676213110600001,0.036307938769999826,0.002201590377999718,0.015625338688999957,0.06836061406414948
2004,2,0.0011971530345294516,0.002008407330256774,4.3342289776574134e-05,0.0001832971858660538,0.00018024137305348682,0.00040300859444820583,-0.00022276715639810428,1477,2004.25,0.0006257757508463101,0.011865918769999872,0.0024996852750001075,-0.02235376650599996,0.0022016003839997467,-0.019313009728000097,0.050098286633195224
2004,3,0.0011480256743341404,0.002044713301255019,4.511097276029056e-05,0.00020801287218414022,0.00012365483777239712,0.00038246053934624697,-0.00025880575242130747,1652,2004.5,0.0006412662917675545,-0.024363932480000017,-0.02370055724799991,0.04282608611999983,0.0032034112100001177,0.015189306559999949,0.06229514798367108
2004,4,0.00122367315964802,0.0022769400939769134,4.9123702074167185e-05,0.00028981931659962,0.00016020140351979888,0.0004156275241986172,-0.0002554261835323696,1591,2004.75,0.0006710537077309868,0.09640015949199987,0.03843699541400025,0.010729143885999992,0.004205812640000195,-0.012898137460000014,0.0506834577758711
2005,1,0.0012401609347079037,0.0021395130609708694,4.279786139747995e-05,0.00018433091626995048,0.00017334546449026346,0.00041413842726231384,-0.00024079295819014892,1746,2005.0,0.0006549313854524628,-0.028438190200000046,-0.03599228414199995,0.05641476252199995,0.005309285376000172,0.06949441570400006,0.05792828915673849
2005,2,0.0013727352290669858,0.0025847048145886025,4.357593241626794e-05,0.00018528551576919015,0.00019670340610047847,0.0004471321339712919,-0.0002504286943779904,1672,2005.25,0.0006975608283492822,0.015302144629999903,0.013473326111999917,0.02254861879999992,0.006815401591999892,0.01751014918800009,0.05791421933810586
2005,3,0.0014235885432525952,0.002537862437661071,4.958387543252595e-05,0.00019451313963377573,0.0002272615738177624,0.0004880037422145329,-0.0002607421972318339,1734,2005.5,0.0007487459394463668,0.031657902079999856,0.011383213957999905,0.013338344744000086,0.008322880879999772,0.05633302486599989,0.05175690731946711
2005,4,0.001400150173178458,0.00247835561576535,5.209915945089757e-05,0.00020557145177609683,0.00016341635269271382,0.00045563057180570223,-0.00029221420327349526,1894,2005.75,0.0007478447750791976,0.012527647456000102,-0.007024899399999951,-0.006162646755000001,0.009026956784000006,-0.0008070755879999725,0.02556712135330478
2006,1,0.0013836276752180604,0.0023571209414373824,4.440526167265265e-05,0.00018224977199539922,0.00022827810312981016,0.0004802210441251924,-0.00025194295844022574,1949,2006.0,0.0007321640025654181,0.04230907377000004,0.08588050114599999,0.012910602790999981,0.010637474030000149,0.01963902814399976,0.014056227301893296
2006,2,0.0015039423756071236,0.002470441697069931,4.9982747436589316e-05,0.00023087258546419746,0.00028860713869400975,0.0005347514150026983,-0.0002461442207231516,1853,2006.25,0.00078089563572585,-0.03195992041999984,-0.04683242383000008,0.05583685197999988,0.011947141920000126,-0.015797303799999884,0.03279812238884332
2006,3,0.0014202440096251266,0.002331255529293608,5.0862901215805475e-05,0.0002232680068336068,0.0002121640770010132,0.000484527984295846,-0.00027236392249240123,1974,2006.5,0.0007568919067882472,0.031072653896000002,-0.042601166349999886,0.006792813459999936,0.012350488880000121,-0.0625920773119999,0.03269204843072019
2006,4,0.0015086043953974897,0.002762293528871545,5.2761818514644353e-05,0.00021860784480887046,0.0002600104539748954,0.0005361516950836819,-0.00027614123744769875,1912,2006.75,0.0008122929325313807,0.05867025290000005,0.012231816483999847,0.024419183832000035,0.012350488879999899,-0.005075704599999953,0.03964255922595884
2007,1,0.0015457143953147877,0.002837711360901381,6.0166438750610055e-05,0.00023662086901005233,0.00027201688726207905,0.0005627196227428013,-0.00029070271644704736,2047,2007.0,0.0008534223391898487,0.0009864195920001873,0.014122959962999726,-0.016327727872000097,0.01255205189600006,0.01428854420600012,0.03901562577095175
2007,2,0.0016533988308251168,0.0028169352627875595,5.973058069538142e-05,0.0002318758177093118,0.00029688114167099116,0.0005915655703165542,-0.00029468442501297357,1926,2007.25,0.0008862499953295278,0.04738805550799996,-0.013385268127999894,-0.0305027820799999,0.012552112160000073,0.0002798274560000813,0.025067950511093808
2007,3,0.0017009645309818877,0.0030344468953964966,6.838320924690181e-05,0.0002876153681623632,0.0003365426634890372,0.0006520838055290753,-0.00031554114108674924,2097,2007.5,0.0009676249466158246,0.0031439003040001356,-0.049548148349999876,-0.07532242307199999,0.011443093760000078,0.07363593256400014,0.029795413858696093
2007,4,0.0016833927918781725,0.0030487802943132427,6.281755006922012e-05,0.00023132498308717857,0.0002998991130595293,0.0006116675366866635,-0.0003117684079372404,2167,2007.75,0.0009234359446239038,-0.039389854960000026,-0.02518226872899998,-0.04418680543299991,0.009328729376000044,0.13173471641599988,0.035455466711975296
2008,1,0.0018337918163440863,0.0032912839347219564,6.916540989247312e-05,0.0002647386746403122,0.00032633244387096774,0.0006946525346236559,-0.00036832011440860216,2325,2008.0,0.0010629726490322582,-0.10077693611799998,-0.007957192383999945,0.03571278720000026,0.00510851464100015,0.020769483649999865,0.063125437339109
2008,2,0.0019239635020352783,0.003298623792216344,6.922117593848937e-05,0.0002859595922411728,0.00039253863862505654,0.0007391919222071461,-0.0003466532957937585,2211,2008.25,0.0010858452180009047,-0.02417324250100017,0.023939497805000043,-0.04894215440000005,0.005309365508000097,0.16146317132300014,0.04399141182674957
2008,3,0.0019367963340056473,0.003358592487296417,7.822157966922146e-05,0.0002699182426483085,0.0003851034675272287,0.0007525023013311818,-0.000367398836224284,2478,2008.5,0.001119901137555466,-0.08653332087499988,0.04953254120000006,0.1284386566400002,0.00430615292500014,-0.08494869894400003,0.03672216772840147
2008,4,0.0017972764005281692,0.0033914129263125916,7.650718045774649e-05,0.00028873650140839706,0.0003267692662852113,0.0007329772900528169,-0.00040620801716549296,2270,2008.75,0.0011391853072183098,-0.2225659434399999,-0.01915285508800013,-0.07936622315500008,0.0011002399999999746,0.09832638557599993,0.08299442065486014
2009,1,0.0018913022129891084,0.0034091381930706076,6.754106857603872e-05,0.00023883728336932122,0.0003788169407018959,0.0007829488757563534,-0.00040413191770875356,2479,2009.0,0.001187080793465107,-0.09968285627399986,0.0007987594399998521,-0.14000545264000008,0.00030002000000006745,-0.10157323403199991,0.08303020671588866
2009,2,0.00210429351481149,0.0038997694628882537,8.241685457809695e-05,0.00029167563646029254,0.0003907669712746858,0.0008453789281867146,-0.00045461195017953325,2227,2009.25,0.0012999908783662478,0.16396678399399978,0.05513644388000016,0.028916451991999992,0.0002000099999999172,-0.3943711029100001,0.16213343849150927
2009,3,0.002019916656665238,0.003632140140852253,7.238512130304329e-05,0.00026224415348567775,0.00037714056322331763,0.0007983606283754822,-0.00042122006515216457,2332,2009.5,0.0012195806935276468,0.15869913873599995,0.030552327200000118,0.14159548860000015,0.00030003000099987354,-0.18317443617999996,0.19282353798681726
2009,4,0.002061058756953944,0.003683304916048671,7.931970770633836e-05,0.00033661587757553255,0.0004075127870497036,0.0008095790939352485,-0.00040206633150934794,2193,2009.75,0.0012116454254445966,0.05840372707999997,-0.010433753499999976,-0.04591304137099994,9.999999999998899e-05,0.05976402330000008,0.12332012294099087
2010,1,0.0020080645215638853,0.0036733131166278286,7.776559814590891e-05,0.0002803194640299999,0.00040753252599758165,0.0008096947492946392,-0.00040216224828698105,2480,2010.0,0.0012118569975816203,0.06221800405,0.030986540803999985,0.05787592818600018,9.999999999998899e-05,0.016677536310999885,0.058385535416197974
2010,2,0.002070337428183054,0.0036212484539737667,8.43762125056638e-05,0.00032032330031199073,0.0003899001952877209,0.0007862933824195741,-0.0003963931826008156,2206,2010.25,0.0011826865650203897,-0.11289873123999994,0.030972163731999958,-0.04342639801600001,0.00030003000099987354,0.0017393063999999736,0.1129742352039289
2010,3,0.002120908720152413,0.0037262007143597,9.358462701100763e-05,0.0003306784054996833,0.00040196756943268415,0.0008075302861981371,-0.0004055627320067739,2360,2010.5,0.001213093018204911,0.1153200489199997,0.00916547039600002,-0.05174265229999997,0.00030003000099987354,0.032258378255999975,0.0992337553426232
2010,4,0.002124288105773672,0.00369031877271203,8.105734919168591e-05,0.00030688284890514883,0.0005007774734411086,0.0008599429893764433,-0.00035916552794457276,2164,2010.75,0.001219108517321016,0.11608562210600004,0.05544121379200018,0.0010331218400001507,0.00030003000099987354,0.011029622599999955,0.10836114395096363
2011,1,0.0020074247112922003,0.003479349830051608,7.788103570042685e-05,0.0003191950626682056,0.00042441346798603025,0.0007670076010865347,-0.0003425941509507179,2576,2011.0,0.0011096017520372526,0.060037840679999954,0.01645123684999983,-0.0007587044319999903,0.00030003000099987354,0.050786754200000006,0.10825231562396859
2011,2,0.002092935008165019,0.0037331679508220213,8.900002277610658e-05,0.0003570526032653207,0.0003977147950150408,0.0008130996854318866,-0.0004153848951439622,2325,2011.25,0.0012284845805758489,-0.0017455115800001364,-0.01413837278200003,-0.044363702799999905,0.0,0.012596845400000056,0.05597898905717576
2011,3,0.002056079146098726,0.0036409863836804595,7.34710951433121e-05,0.0002894514944595796,0.00038437844944267513,0.0007651470059713377,-0.00038076854299363055,2510,2011.5,0.0011459155489649683,-0.15130658547999998,-0.07087592518399999,-0.04797123328899999,9.999999999998899e-05,-0.024688470400000107,0.11524477083499397
2011,4,0.00194332427589208,0.0034444812006356783,7.899427719756309e-05,0.00030827588464387096,0.0003273456583986075,0.0007231697532637076,-0.0003958240874673629,2297,2011.75,0.0011189938407310705,0.11862129567500013,0.022884687439999718,0.010725991951999969,0.0,0.043000699439999845,0.11605796483663007
2012,1,0.001926152391044776,0.0034020837942824716,7.091571791044776e-05,0.0002872916831284885,0.0003197748690298508,0.0007074897723880597,-0.0003877149317164179,2680,2012.0,0.0010952047041044776,0.13115638151999987,-0.004978220007999967,0.006699785186000007,0.0,-0.07047238179400006,0.1314417213802565
2012,2,0.0019840992113511224,0.0032803037500120508,7.576118678526049e-05,0.00030326505830164676,0.0003467597052096569,0.0007465128598051673,-0.0003997531401948327,2361,2012.25,0.001146266,-0.03348592889500002,0.004677528032000167,-0.01172104767499993,9.999999999998899e-05,0.09185172751999993,0.13445225992637388
2012,3,0.0017961132744167656,0.003041758803338794,6.873483511269277e-05,0.0002647177387855149,0.0002787019474100435,0.000652256904310004,-0.0003735549766706208,2528,2012.5,0.0010258118809806248,0.06171522801800022,-0.01834032100000005,0.02808204044400009,0.0002000099999999172,-0.005570483500000001,0.07501358828892495
2012,4,0.0017830427991573034,0.0031607483497686426,6.920541713483146e-05,0.00027492543765028307,0.00029369786844569284,0.0006610331858614233,-0.00036733527621722844,2134,2012.75,0.0010283684620786518,0.0017454600960000732,0.009960118999999823,0.062012425343999755,0.00030003000099987354,-0.02366736764499988,0.07221336145681619
2013,1,0.0017469279588801401,0.0028759177456027045,6.7092364391951e-05,0.00028279860001155624,0.00027622764348206476,0.0006397318363954507,-0.00036350418197725283,2285,2013.0,0.0010032360183727035,0.11240916358399988,0.00819039778999997,0.00999432333800021,0.0,0.012958561888000153,0.0645513958632531
2013,2,0.0017802194508276534,0.003024914582369268,6.788571032132424e-05,0.00032442499848541476,0.0003324927083739046,0.0006713095365141189,-0.00033881684274586173,2053,2013.25,0.0010101263792599807,0.03150835839999999,0.005904052009999994,0.03070187125999979,0.0,-0.013721380146000106,0.047219283494193985
2013,3,0.0017715289039162113,0.002982111189822902,6.943520173041894e-05,0.0002880465937887401,0.0003416016466302368,0.000678329806010929,-0.0003367281684881603,2194,2013.5,0.0010150579744990893,0.06661950564500008,0.05087516388800006,-0.033202771588,0.0,0.048544730191999896,0.04762295742380803
2013,4,0.0018134916103123451,0.0037916799399926185,7.201939266236985e-05,0.00042351811612586544,0.0003207483306891423,0.0006864137307882995,-0.00036566540951908774,2015,2013.75,0.0010520791403073873,0.10427899204699997,-0.00709246081599979,0.014123179999999902,0.0,0.004301600155999896,0.037254001397075236
2014,1,0.0016837676016260162,0.0028608312134872204,6.073095528455285e-05,0.0002464704619462208,0.0003021488630081301,0.0006298848235772357,-0.0003277359532520325,2459,2014.0,0.0009576207768292682,0.016203847383999825,-0.0059070827279998905,0.02452646284999993,0.0,0.003808736189000017,0.039242613382484165
2014,2,0.0018654198837420525,0.0034786599772009025,7.02645949137148e-05,0.0003239447767394914,0.00032132461943687555,0.0006955477670299728,-0.0003742231448683015,2201,2014.25,0.0010697709118982742,0.04514834059999995,-0.030842264349999926,0.004008366620000148,0.0,-0.023332639870000116,0.03709496279576243
2014,3,0.0018514715132819195,0.003367962976013198,6.266409468723223e-05,0.00024873602614219995,0.00038655538260497,0.000701917910882605,-0.0003153625205655527,2334,2014.5,0.0010172804314481578,0.0012229901120002218,-0.07241179745800008,-0.021099957032000072,0.0,0.012625405339999896,0.04552092080425796
2014,4,0.0018685026233766233,0.0036272052338394813,6.437596706864564e-05,0.0003170003840996761,0.0003922087221706865,0.000724287788961039,-0.0003320790282931354,2156,2014.75,0.0010563668172541745,0.05081688872000001,0.04495474467500027,-0.02688811397199986,0.0,0.015134800752999888,0.0235962497639731
2015,1,0.0018288079421942586,0.0034807744644187004,7.079928077074323e-05,0.00033785204948302936,0.00035696002831301613,0.0007119679421942588,-0.0003550078698387731,2540,2015.0,0.001066975812033032,0.01698446332999981,0.030669012304999965,-0.05538567669000005,0.0,0.03238209619999988,0.02346519525643978
2015,2,0.0019017792340036562,0.003447207377906427,7.696350319926874e-05,0.0003757432131119875,0.00032279631627056673,0.0007011594104204753,-0.00037836310054844603,2187,2015.25,0.0010795225109689213,0.004181681384000102,0.008107838930000222,-0.0015547416399999126,0.0,0.009467756263999982,0.022730521822327456
2015,3,0.0018877263474159146,0.003538002258934592,8.114028301886792e-05,0.00042395576540082107,0.0003326425730106645,0.0007043730127153404,-0.0003717304208367514,2437,2015.5,0.001076103433552092,-0.07465451871599993,-0.06345083217299996,-0.009827841999999865,0.0,0.13232607555199993,0.05310313107310104
2015,4,0.0019234418045433034,0.0037696363877688195,7.526471036441078e-05,0.00032530318562579743,0.00033208916138192143,0.0007182787288215806,-0.00038618958163748226,2113,2015.75,0.001104468310459063,0.06034345237499994,-0.0123315544,-0.03444900939700002,9.999999999998899e-05,0.023344490965999887,0.05629931864058351
2016,1,0.0017589234910465577,0.0031931018823703108,6.782525865499402e-05,0.00029559575650911344,0.00031934884003183446,0.0006865998921607641,-0.00036725106446478315,2512,2016.0,0.0010538509566255473,0.00750583358000001,-0.019650311499999962,0.02695091206399991,0.0005000800040000364,-0.07717492159999995,0.05563791468271274
2016,2,0.0019555254378612716,0.003737709307397901,7.312901107899807e-05,0.0004126484657833522,0.0003392662610789981,0.0007362060197495183,-0.0003969397408477842,2076,2016.25,0.0011331457605973025,0.02685561087200017,0.011921456840000122,0.00034773243599994785,0.0004000500019998299,-0.00591018052000003,0.05742150110278636
2016,3,0.001941765404001703,0.003726601641117309,7.664679438058748e-05,0.0003941762198184738,0.000390145134951043,0.0007666184802043423,-0.0003764733333333333,2348,2016.5,0.0011430918135376755,0.047313191261999954,0.05804557231999996,0.0067819276520000304,0.0006001200079999158,-0.06364307535400004,0.02320306983176764
2016,4,0.0019885623834974215,0.0037270523029039005,6.848189779653072e-05,0.00029103123211378156,0.000375858005625879,0.0007394053108298171,-0.00036354730379746834,2133,2016.75,0.0011029526146272854,0.04612130883400001,0.01105509823999995,0.16652821949299978,0.0006001100060000208,-0.04542759317099987,0.01880003287466845
2017,1,0.0019268433488664988,0.0035142491315191668,7.54235873215785e-05,0.0002776051875449218,0.00043234240931989927,0.0007767873769941226,-0.00034444493870696894,2381,2017.0,0.0011212323157010916,0.057383200790000144,-0.021921811779999967,-0.07408120619999992,0.0011004000479997167,-0.03372425217100006,0.012751697094970666
2017,2,0.0020751703679931536,0.0036341976082467503,6.935120967051776e-05,0.0002999858751582185,0.0004681287329910141,0.0008486479122807017,-0.00038051919512195126,2336,2017.25,0.001229167107402653,0.029686322923999864,0.002918944327999995,-0.04378565350000008,0.0017009601799997665,0.0188521279999998,0.011465848488867373
2017,3,0.0022034269585286693,0.0041389646829235165,8.799555679769203e-05,0.00034502470519066946,0.0004450418261810313,0.0008365633346556077,-0.0003915214951316264,2771,2017.5,0.001228084829787234,0.04604762261599982,0.012164525675000037,0.007207133185000103,0.0025020705669995813,0.03576534634499984,0.011402663817516505
2017,4,0.002100220289443814,0.0036074972391398432,7.112084298146046e-05,0.00027139441146997175,0.00038962713772228527,0.000782263,-0.00039263586568293605,2643,2017.75,0.001174898865682936,0.0656828742719997,-0.03805176856000003,0.0008990294149999745,0.002602250647999682,0.01630354397000011,0.015581730488314918
2018,1,0.002013113302134647,0.0035319623875127108,7.234044958949098e-05,0.00026318077521052046,0.0004257227881773399,0.0007828926978653531,-0.00035716991888341544,3044,2018.0,0.0011400626167487684,-0.006539288679999977,0.01034077453999993,-0.026104284920000054,0.003403851452000284,0.06615222271999976,0.03060869421879643
2018,2,0.0021254379014186975,0.0038181239181054936,6.872109057839214e-05,0.0002630497921163835,0.0004585895903965078,0.0008174164256093125,-0.00035882681884321575,2749,2018.25,0.0011762432444525283,0.03441574191799979,0.07568012987600015,-0.04895441241399989,0.0042058827440003554,0.020186613529999953,0.03049209721962269
2018,3,0.002046851873938602,0.0035911040094097524,7.425198040496407e-05,0.00029095670972576626,0.0004432651626387982,0.0007951672870672764,-0.00035190212573481386,3060,2018.5,0.0011470694128020902,0.06824456239999988,-0.0337987883619999,-0.05003444624200015,0.004707363840000145,0.037111746319999916,0.03489814302845601
2018,4,0.0020853425061124692,0.003687646295082547,6.916878798463151e-05,0.00026967355928781284,0.00041912655885434857,0.0007827361798812435,-0.0003636096154383514,2862,2018.75,0.001146345795319595,-0.15041052167500013,-0.07581049560999997,0.01760126374399995,0.0056104564980001825,-0.01731548415999995,0.09621332773146092
2019,1,0.0020877497202970298,0.0037693130845232172,7.236359282178218e-05,0.000313718518830933,0.000471564473700495,0.000823482650680693,-0.00035191816707920795,3231,2019.0,0.0011754008177599009,0.13309092793999966,0.01689122626000006,-0.07053785483599995,0.00581119718199985,-0.061059534400000115,0.12159704560378497
2019,2,0.002272340657223796,0.0039419308000850795,8.26611409348442e-05,0.0003460273723356001,0.00039412951062322947,0.0008348231589943344,-0.0004406936660764873,2823,2019.25,0.0012755168250708215,0.03539867792400009,-0.02871351883599982,-0.010098030159999882,0.006011977938000124,0.020812803919999956,0.12163327921297525
2019,3,0.0022009805893939394,0.0038941388824918505,7.548963060606061e-05,0.00030328728695681504,0.00046553638909090913,0.0008502188215151515,-0.00038468244909090906,3298,2019.5,0.0012349012706060606,0.0003958075349999035,-0.05231415386799998,0.021758857400000053,0.0053093454720001265,0.031915297191999814,0.11762144473804415
2019,4,0.0022539462383050846,0.0039004907784935565,8.465110508474576e-05,0.00039656659414982856,0.0004100779840677966,0.0008112113091525424,-0.0004011333308474576,2948,2019.75,0.00121234464,0.08956866019299992,0.01759482774400012,-0.022187516799999862,0.004105582520000262,-0.046678430981999974,0.05856431226152551
2020,1,0.0024299269352413993,0.004012859653813576,9.368862561433941e-05,0.0003369873365822006,0.0005313361104365423,0.0009589260887539752,-0.00042758999508528476,3456,2020.0,0.00138651608383926,-0.20517871620499994,-0.06647171788000017,-0.22276724633199996,0.0037045618720004114,0.14403014122400015,0.12881697896498684
2020,2,0.0016750840202403542,0.002805131557491625,6.794211859582543e-05,0.0002750946068105747,0.00018535893010752688,0.0005889743257432005,-0.0004036154067046173,3162,2020.25,0.0009925897324478178,0.22865744240000008,0.07762431999999975,-0.0830687590000001,0.0002000099999999172,-0.06114539225599991,0.18183132617800143
2020,3,0.0021181856552004333,0.0035749273670952196,8.749125866738895e-05,0.0003469088388749538,0.0003862872703141929,0.0007999255958829902,-0.0004136383225893825,3690,2020.5,0.0012135639184723728,0.09748495445599992,-0.024868271800000064,-0.07016382873599991,0.00030003000099987354,0.11657220365399978,0.18332796308545435
2020,4,0.0025122566551724138,0.003966426560352791,9.622996828817733e-05,0.0003660347541469773,0.000535754023091133,0.000951865921182266,-0.00041611188331280787,3247,2020.75,0.001367977804495074,0.15209181152000006,0.15933301915400033,0.046408207399999846,0.00030003000099987354,-0.17303416458999998,0.19006835750502857
2021,1,0.0029230005889872173,0.004543971194353195,0.00010787733874139626,0.0003390896627809056,0.0007212889341199607,0.001166933285644051,-0.0004456443640609636,4066,2021.0,0.0016125776497050146,0.05984554842800005,0.06757439487599992,0.18784750239999992,0.0,-0.09809944012000016,0.07329960194916482
2021,2,0.003024570254746387,0.004704365290368347,0.00010349833890620572,0.00037020341184904444,0.000749529305185605,0.0012023205724001132,-0.00045279123944460186,3527,2021.25,0.001655111811844715,0.08149106889999991,-0.01741141540000024,-0.023793358911999962,0.0,0.03904083581599993,0.039387820208330024
2021,3,0.0029705603099041532,0.0045940755488482555,0.00010646678520521013,0.00034906839689762003,0.0007976071145244532,0.001240790094126321,-0.0004431829874662079,4066,2021.5,0.0016839730815925288,-0.0027065742399998705,-0.03605390998400004,0.03000903790399989,0.0,0.017881240573999868,0.06385329400530994
2021,4,0.003108648157337789,0.004589454462755921,0.00011135210944026733,0.0003561043698622376,0.0007329818206627681,0.001230954230019493,-0.0004979724266221109,3587,2021.75,0.001728926656641604,0.08334977445799985,-0.05112685577799991,0.023227747324999992,9.999999999998899e-05,0.018188182592000057,0.040241084205033605
2022,1,0.0030140181810670444,0.004330309999631542,0.00011266350118035883,0.000397286828751652,0.0009011433597733711,0.0013306178179886684,-0.0004294744560906515,4229,2022.0,0.00176009227407932,-0.05475178201600006,-0.05387667635999993,0.14103559195999993,0.0,0.02116302943199999,0.06760254619626734
2022,2,0.0029399211578099837,0.0043958770867232886,0.00011024374879227053,0.0003421595936516643,0.0007748339750402576,0.0012633160952764358,-0.0004884821231884058,3725,2022.25,0.0017517982184648416,-0.17301693495999992,-0.011606788119999933,0.0823309647999999,0.0009001799999999172,0.08840570300000006,0.10720019969332979
2022,3,0.002934554569928401,0.00410680341150459,0.00010861504534606206,0.0003419132764134398,0.000762608907875895,0.0012891327646778043,-0.0005265238747016707,4185,2022.5,0.0018156566393794748,-0.04408811307400007,0.034974396655999884,-0.039486632409999944,0.004606652887999996,0.00984262777999989,0.10478523517416359
2022,4,0.002899265014950166,0.004040362854916187,9.486675802879292e-05,0.0003013658827165683,0.000787406965116279,0.001260719873200443,-0.00047331291362126245,3609,2022.75,0.0017340327868217054,0.056642364050000005,-0.04293298286799996,0.11036166610399989,0.008523852011000033,0.07148464669999988,0.09399542531875807
2023,1,0.0028660184822492255,0.004039578094406815,0.0001035647624493686,0.0003420525777729912,0.0008548343366690493,0.001310129644031451,-0.000455295304741482,4193,2023.0,0.0017654249487729329,0.06446102050399993,0.0029763424600000032,-0.1333236256000001,0.010536782840000258,-0.17689775027499988,0.11096263968747422
2023,2,0.002852597373300707,0.004131035301622276,9.023891163675911e-05,0.00028538737920394685,0.0008403988352365415,0.001273876756389342,-0.0004334779282218597,3673,2023.25,0.0017073546846112016,0.07484260176799995,-0.0036109640799999454,-0.08020381152399991,0.01114105040000024,-0.018487433728000102,0.05520734826261099
2023,3,0.002910630595009597,0.004188773975940694,9.928447216890595e-05,0.0003214556562071768,0.0008689118195777351,0.0013184910223128599,-0.0004495792156909789,4166,2023.5,0.0017680702380038387,-0.04496248961199989,-0.036353953130000005,0.043959733189999906,0.013359037074999858,-0.001048984443999812,0.055640563774425646
2023,4,0.0028066370978959672,0.004165707746407392,0.00010585232407948569,0.0003323667169172967,0.0007987827822910578,0.001278004181472823,-0.0004792213912916423,3420,2023.75,0.0017572255727644653,0.10564618579999996,0.020946231799999993,0.06854946325999989,0.013459898923999791,-0.014935311856000055,0.06567761760755447
2024,1,0.002787296136136136,0.003991662750679872,0.00010291001951951951,0.0003390404889361809,0.0007797410573073073,0.0012367635590590591,-0.00045702248773773775,3993,2024.0,0.001693786046796797,0.08842782112399994,-0.0766538619999999,-0.01806666025600001,0.013258094881999805,0.10231706143999997,0.06847085699067922
2024,2,0.0027798804273527797,0.003983726330762991,0.00010757096752889378,0.0003442693366208232,0.0007521125990643919,0.0012308305299944965,-0.00047871795927352783,3631,2024.25,0.0017095484892680243,0.02264057339999992,-0.047780439500000105,-0.050551670719999886,0.013258074787999785,0.0025567884799999607,0.0686540166167293
2024,3,0.002822668212686567,0.003937490490748317,0.00010221359328358208,0.0003286416292794383,0.0007774062614427861,0.0012495018199004974,-0.00047209556567164176,4018,2024.5,0.0017215973855721392,0.046083597440000235,0.029483239696999952,0.015751342319999972,0.013358886399999825,0.017124138170000025,0.03808398211277825
2024,4,0.002700149915716273,0.003940793513315648,9.673966314325451e-05,0.00032708139352917605,0.0007099955994436718,0.0011843166742698192,-0.0004743210684283727,3591,2024.75,0.001658637742698192,0.02083124330000019,0.0062300557340000395,-0.020092652799999944,0.011644887720000163,0.03717909999999991,0.03146535530968709
