year,quarter,Mom
1927,1,0.02548413039999997
1927,2,0.07851144644000008
1927,3,0.07559339075000016
1927,4,0.019366329463999854
1928,1,0.031032433339999832
1928,2,-0.01634663475999998
1928,3,0.10067496703999979
1928,4,0.08671257136400001
1929,1,0.05035061217999992
1929,2,0.07987210205599982
1929,3,0.10661202080000032
1929,4,0.05766840415599983
1930,1,-0.0841782098299999
1930,2,0.09373586940799994
1930,3,0.13428090393799996
1930,4,0.17954667052800022
1931,1,-0.15704998664000003
1931,2,-0.0009387279999998333
1931,3,0.14774084768000018
1931,4,0.2553920143099999
1932,1,0.0057864415760000565
1932,2,0.23452436598399995
1932,3,-0.7365362617560001
1932,4,0.08423414067199997
1933,1,0.06425433295999983
1933,2,-0.1871463847199999
1933,3,0.08888944120999986
1933,4,0.083022763592
1934,1,-0.039509205583000195
1934,2,-0.07819069176100002
1934,3,0.11518328832000013
1934,4,0.15933570732799995
1935,1,0.20805055762000002
1935,2,-0.0571759998250001
1935,3,-0.03529595717199996
1935,4,-0.018460087360000155
1936,1,0.01137722573400013
1936,2,-0.048317758000000044
1936,3,0.045587196539999875
1936,4,0.049221034736000036
1937,1,0.04068995841799983
1937,2,-0.022335013883999943
1937,3,-0.08954888996999999
1937,4,0.019657086110000055
1938,1,0.1053448984480001
1938,2,-0.27542772289000006
1938,3,-0.01152421688500005
1938,4,-0.022339139068000002
1939,1,-0.01831704275200008
1939,2,0.08686362447499985
1939,3,-0.2786560550199999
1939,4,0.11886942461000016
1940,1,0.028804870867999988
1940,2,0.03599960243
1940,3,-0.009462079560000003
1940,4,-0.011456571423999695
1941,1,-0.010198822720000056
1941,2,0.048333791779999746
1941,3,-0.029508213527999927
1941,4,0.0996419436
1942,1,-0.04760763510400001
1942,2,-0.06854569566399993
1942,3,-0.0008705240620000554
1942,4,-0.02323500479399998
1943,1,0.02704024808000005
1943,2,0.10625944232000006
1943,3,-0.019837452069999983
1943,4,0.005061710741999903
1944,1,0.03731065555000024
1944,2,-0.03233876888000009
1944,3,0.03522503885000017
1944,4,0.0333277778879999
1945,1,0.0006176952800001079
1945,2,0.09208561491000022
1945,3,-0.026292086919999957
1945,4,0.05772521122099983
1946,1,0.05047813403000001
1946,2,-0.0007870858879999165
1946,3,0.008710792300000048
1946,4,0.01283621293199988
1947,1,-0.029667244000000093
1947,2,0.06957410367200012
1947,3,4.9850799999973106e-05
1947,4,0.09740722998399987
1948,1,-0.03081981302499992
1948,2,0.10818429041600042
1948,3,-0.02744116480000014
1948,4,0.08140817864400018
1949,1,-0.041010781923999984
1949,2,0.04914691463800014
1949,3,-0.013144408360000082
1949,4,0.004398339499999793
1950,1,0.00432639719599992
1950,2,-0.009789368824000055
1950,3,0.025285917431999927
1950,4,0.10274259708799982
1951,1,-0.02614755467999985
1951,2,0.023910084960000022
1951,3,0.085239235892
1951,4,0.0201354572750001
1952,1,0.02341915286000007
1952,2,6.971285599988164e-05
1952,3,0.015144646490000246
1952,4,0.04687565351200029
1953,1,0.016880842880000024
1953,2,0.0276674400000001
1953,3,0.046926785239999935
1953,4,0.07540296289999993
1954,1,-0.028342696767999942
1954,2,0.06612371131999994
1954,3,0.014130871753999852
1954,4,0.013679031440000156
1955,1,0.03509530764799984
1955,2,0.05348256120799988
1955,3,0.023580170623999974
1955,4,0.0071015973200001525
1956,1,0.040378608703999896
1956,2,0.037247083759999855
1956,3,0.010283415188000022
1956,4,0.09915768832000005
1957,1,-0.02973696256799996
1957,2,0.018496124953999882
1957,3,0.01032441171999987
1957,4,0.11406604129799991
1958,1,-0.05866445463999992
1958,2,-0.007641897660000008
1958,3,-0.04516281680799983
1958,4,0.03964462988100004
1959,1,0.033269603080000154
1959,2,0.07995212360000026
1959,3,-0.005770026999999955
1959,4,0.06888272034099985
1960,1,0.0176452936
1960,2,0.08725153720399992
1960,3,0.011824678339999783
1960,4,0.06373127750399998
1961,1,0.010122339583999995
1961,2,0.02299145497999988
1961,3,0.026683305032000115
1961,4,0.021741031916000075
1962,1,-0.011866704400000039
1962,2,0.10031989536000019
1962,3,0.038946018828000195
1962,4,-0.00937752258999991
1963,1,0.01921637919199992
1963,2,0.013519106359999977
1963,3,0.0214252412
1963,4,0.04208376782400003
1964,1,0.020527042253999817
1964,2,0.023526148975999917
1964,3,-0.010165967049999947
1964,4,0.005931745789999887
1965,1,-0.00975255630400007
1965,2,-0.0018447149699998278
1965,3,0.10288436673799994
1965,4,0.07893798200000002
1966,1,0.11720320812799989
1966,2,0.041518975795999724
1966,3,-0.05276518377999995
1966,4,0.012243371959999916
1967,1,-0.023976262300000162
1967,2,0.07264556263199995
1967,3,-0.0007297097199999714
1967,4,0.0830313267199998
1968,1,-0.047051040483999995
1968,2,0.06772446037500002
1968,3,0.0034673422400000042
1968,4,0.005754107072000192
1969,1,0.012543602950000121
1969,2,0.006914705435999924
1969,3,0.06526122436400006
1969,4,0.043751923676000004
1970,1,0.0046851855679999055
1970,2,0.019764871992000055
1970,3,-0.174028711424
1970,4,0.09702205635000016
1971,1,-0.07410904472000002
1971,2,0.05054589231200013
1971,3,0.03162036032000004
1971,4,0.013850411899999804
1972,1,0.05618263067400009
1972,2,0.0823095223300001
1972,3,-0.010453207584000035
1972,4,0.0031586977999999988
1973,1,0.09871064780000016
1973,2,0.1893261626449998
1973,3,-0.14885726080599992
1973,4,0.281331041264
1974,1,-0.09497173959999994
1974,2,0.041249514031999945
1974,3,0.10620426160000007
1974,4,0.04687758532000008
1975,1,-0.16073950828000005
1975,2,0.00880873503199986
1975,3,0.005801738239999965
1975,4,-0.008181811000000039
1976,1,0.04997092533199998
1976,2,-0.009832700475999934
1976,3,-0.007306876600000067
1976,4,0.03125232480200002
1977,1,0.05113715636000005
1977,2,0.07984766503999996
1977,3,0.008174259259999817
1977,4,0.03639509168800026
1978,1,0.028384771640000084
1978,2,0.06144578329400008
1978,3,0.038815976000000196
1978,4,-0.005220995890000024
1979,1,0.004341469686999888
1979,2,0.010876421555000126
1979,3,0.038514588383999904
1979,4,0.15436847926399988
1980,1,0.048219212809999856
1980,2,-0.0010047450879999698
1980,3,0.08971260858199992
1980,4,0.15082725915499995
1981,1,-0.08318758325999998
1981,2,-0.03366883998399994
1981,3,-0.0145799030799999
1981,4,0.04938190049600011
1982,1,0.09821258770999997
1982,2,0.07028134400599972
1982,3,0.048081622400000024
1982,4,0.05909405881599983
1983,1,0.028974517063999672
1983,2,0.01885736650500003
1983,3,-0.08303466570399998
1983,4,-0.03820965423599998
1984,1,-0.0106479905850001
1984,2,0.0316327733320001
1984,3,0.005443183316000022
1984,4,0.06338666118400016
1985,1,-0.03349978663600017
1985,2,0.1072940130750002
1985,3,-0.004170780079999936
1985,4,0.040533406055
1986,1,0.08098455376000024
1986,2,0.06726907826000006
1986,3,-0.08865858901599999
1986,4,0.04666794567999988
1987,1,0.014210319043999942
1987,2,-0.00790282612000004
1987,3,0.024083496800000104
1987,4,-0.03507559030000007
1988,1,-0.081364548925
1988,2,-0.0023229050400001006
1988,3,0.013153408903999741
1988,4,0.017969352539999983
1989,1,0.04273412127500009
1989,2,0.035668991279999895
1989,3,0.08482550013199996
1989,4,0.06990461955000016
1990,1,-0.0181456859439999
1990,2,0.08118332640799997
1990,3,0.14303153214800002
1990,4,0.012712828399999987
1991,1,-0.08680931352200005
1991,2,-0.019980252304000023
1991,3,0.0776068589000003
1991,4,0.13052078739600015
1992,1,-0.033858167500000036
1992,2,-0.030473282790000167
1992,3,0.024473915103999655
1992,4,0.06670904374999975
1993,1,0.12187046509999999
1993,2,0.051668395492000085
1993,3,0.09429824613200011
1993,4,-0.05153025535299982
1994,1,-0.015473330631999849
1994,2,-0.026112241149999882
1994,3,0.02993496360800041
1994,4,0.046794287660000045
1995,1,-0.018617080840000022
1995,2,0.04287427010000022
1995,3,0.055871271800000066
1995,4,0.05984791404800016
1996,1,-0.007279011064999952
1996,2,0.01691552674400021
1996,3,0.024954918009999938
1996,4,0.01819377674
1997,1,0.005261472591999716
1997,2,0.019635064657000045
1997,3,0.02510019685999998
1997,4,0.037520422525999964
1998,1,0.00965110326499996
1998,2,0.1013941186159999
1998,3,0.05074556934999985
1998,4,0.04231888687700014
1999,1,0.014534021095999883
1999,2,-0.0973969843000001
1999,3,0.11412476108000003
1999,4,0.25856036536999993
2000,1,0.11980432717999978
2000,2,-0.029835038179999884
2000,3,0.07413513958399998
2000,4,-0.004780340631999946
2001,1,-0.08673264650000012
2001,2,-0.05449614732999997
2001,3,0.238982298704
2001,4,-0.1619689072959999
2002,1,0.08857969914499986
2002,2,0.17956072832000003
2002,3,0.15259012475799993
2002,4,-0.13423465623200004
2003,1,0.042587083460000175
2003,2,-0.20090008037500007
2003,3,-0.008978301130000088
2003,4,-0.004159832943999908
2004,1,0.015625338688999957
2004,2,-0.019313009728000097
2004,3,0.015189306559999949
2004,4,-0.012898137460000014
2005,1,0.06949441570400006
2005,2,0.01751014918800009
2005,3,0.05633302486599989
2005,4,-0.0008070755879999725
2006,1,0.01963902814399976
2006,2,-0.015797303799999884
2006,3,-0.0625920773119999
2006,4,-0.005075704599999953
2007,1,0.01428854420600012
2007,2,0.0002798274560000813
2007,3,0.07363593256400014
2007,4,0.13173471641599988
2008,1,0.020769483649999865
2008,2,0.16146317132300014
2008,3,-0.08494869894400003
2008,4,0.09832638557599993
2009,1,-0.10157323403199991
2009,2,-0.3943711029100001
2009,3,-0.18317443617999996
2009,4,0.05976402330000008
2010,1,0.016677536310999885
2010,2,0.0017393063999999736
2010,3,0.032258378255999975
2010,4,0.011029622599999955
2011,1,0.050786754200000006
2011,2,0.012596845400000056
2011,3,-0.024688470400000107
2011,4,0.043000699439999845
2012,1,-0.07047238179400006
2012,2,0.09185172751999993
2012,3,-0.005570483500000001
2012,4,-0.02366736764499988
2013,1,0.012958561888000153
2013,2,-0.013721380146000106
2013,3,0.048544730191999896
2013,4,0.004301600155999896
2014,1,0.003808736189000017
2014,2,-0.023332639870000116
2014,3,0.012625405339999896
2014,4,0.015134800752999888
2015,1,0.03238209619999988
2015,2,0.009467756263999982
2015,3,0.13232607555199993
2015,4,0.023344490965999887
2016,1,-0.07717492159999995
2016,2,-0.00591018052000003
2016,3,-0.06364307535400004
2016,4,-0.04542759317099987
2017,1,-0.03372425217100006
2017,2,0.0188521279999998
2017,3,0.03576534634499984
2017,4,0.01630354397000011
2018,1,0.06615222271999976
2018,2,0.020186613529999953
2018,3,0.037111746319999916
2018,4,-0.01731548415999995
2019,1,-0.061059534400000115
2019,2,0.020812803919999956
2019,3,0.031915297191999814
2019,4,-0.046678430981999974
2020,1,0.14403014122400015
2020,2,-0.06114539225599991
2020,3,0.11657220365399978
2020,4,-0.17303416458999998
2021,1,-0.09809944012000016
2021,2,0.03904083581599993
2021,3,0.017881240573999868
2021,4,0.018188182592000057
2022,1,0.02116302943199999
2022,2,0.08840570300000006
2022,3,0.00984262777999989
2022,4,0.07148464669999988
2023,1,-0.17689775027499988
2023,2,-0.018487433728000102
2023,3,-0.001048984443999812
2023,4,-0.014935311856000055
2024,1,0.10231706143999997
2024,2,0.0025567884799999607
2024,3,0.017124138170000025
2024,4,0.03717909999999991
2025,1,-0.027116244351999996
2025,2,0.04457385303200012
2025,3,-0.0005288515060000165
2025,4,-0.03907869874000003
2026,1,0.06355968000000023
